,Player,Team,PS,GP,Min,FGM,FGA,3M,3A,FTM,FTA,OR,TR,AS,ST,TO,BK,PF,DQ,PTS,TC,EJ,FF,MVP,OffRank,DeffRank,TND,FG%,Win%,Playoffs,Conference,Team TND
0,"acy,quincy",tor,PF,29,341,42,75,1,2,31,38,30,77,11,13,17,15,53,0,116,5,0,0,False,3.3448275862068964,1.7844827586206897,5.146551724137931,0.56,0.4146341463414634,False,East,8.772004257687824
1,"adrien,jeff",cha,SF,52,712,72,168,0,2,65,100,68,196,36,18,32,27,80,0,209,0,0,0,False,3.2403846153846154,2.644230769230769,5.884615384615385,0.42857142857142855,0.25609756097560976,False,East,7.687773397807983
2,"afflalo,arron",orl,SG,64,2307,397,904,72,239,191,223,29,239,206,40,138,11,137,1,1057,4,0,0,False,10.0625,3.1640625,13.7890625,0.4391592920353982,0.24390243902439024,False,East,8.990122896788058
3,"akognon,josh",dal,PG,3,9,2,4,1,2,0,0,0,1,1,0,0,0,3,0,5,0,0,0,False,1.4166666666666667,-0.16666666666666666,1.4166666666666667,0.5,0.5,False,West,7.22414437974375
4,"aldrich,cole",sac,C,45,390,44,80,0,0,12,20,30,120,9,5,23,23,60,0,100,0,0,0,False,1.6111111111111112,1.9833333333333334,3.5944444444444446,0.55,0.34146341463414637,False,West,9.045044577046296
5,"aldridge,lamarcu",por,PF,74,2788,637,1317,2,14,282,348,175,670,192,62,143,91,187,1,1558,3,0,0,False,14.570945945945946,7.702702702702703,22.28716216216216,0.48367501898253606,0.4024390243902439,False,West,8.428839113547205
6,"allen,lavoy",phi,PF,79,1668,206,454,0,1,43,60,160,396,73,24,55,55,180,1,455,0,0,0,False,4.822784810126582,2.9240506329113924,7.746835443037975,0.45374449339207046,0.4146341463414634,False,East,9.049519275090113
7,"allen,ray",mia,SG,79,2033,292,651,139,332,140,158,40,217,135,67,103,15,129,0,863,1,0,0,False,7.265822784810126,2.6740506329113924,10.819620253164556,0.4485407066052227,0.8048780487804879,True,East,9.155206533393118
8,"allen,tony",mem,PG,79,2112,284,638,3,24,134,187,121,363,98,120,94,44,211,1,705,3,0,0,False,5.6645569620253164,4.1835443037974684,9.867088607594937,0.445141065830721,0.6829268292682927,True,West,7.868330521171653
9,"aminu,al-farouq",nor,SF,76,2067,225,474,4,19,101,137,139,585,102,92,116,51,153,0,555,1,0,0,False,5.375,7.046052631578948,12.447368421052632,0.47468354430379744,0.32926829268292684,False,West,7.753902368454686
10,"amundson,lou",nor,PF,39,374,32,81,0,0,12,36,48,106,11,16,19,12,53,0,76,1,0,0,False,1.3333333333333333,1.6282051282051282,2.9615384615384617,0.3950617283950617,0.32926829268292684,False,West,7.753902368454686
11,"andersen,chris",mia,C,42,626,71,123,2,3,63,93,57,172,17,16,24,44,89,0,207,0,0,0,False,4.482142857142857,3.2023809523809526,7.708333333333333,0.5772357723577236,0.8048780487804879,True,East,9.155206533393118
12,"anderson,alan",tor,SF,65,1493,236,616,95,285,126,147,34,148,103,48,80,7,131,1,693,3,0,0,False,5.573076923076923,1.7769230769230768,8.080769230769231,0.38311688311688313,0.4146341463414634,False,East,8.772004257687824
13,"anderson,james",hou,SG,39,403,52,126,21,60,24,28,18,72,42,15,25,5,25,0,149,0,0,0,False,2.878205128205128,1.6730769230769231,4.82051282051282,0.4126984126984127,0.5487804878048781,True,West,9.317289391862287
14,"anderson,ryan",nor,PF,81,2506,472,1114,213,557,152,180,191,519,97,42,97,31,179,2,1309,2,0,0,False,10.395061728395062,3.9753086419753085,15.685185185185185,0.4236983842010772,0.32926829268292684,False,West,7.753902368454686
15,"anthony,carmelo",nyk,SF,67,2482,669,1489,157,414,425,512,134,460,171,52,175,32,205,1,1920,15,0,0,False,17.470149253731343,4.7835820895522385,23.425373134328357,0.4492948287441236,0.6585365853658537,True,East,9.114170397767776
16,"anthony,joel",mia,C,62,566,35,68,0,0,17,28,45,115,13,13,22,42,49,0,87,0,0,0,False,1.3266129032258065,1.6733870967741935,3.0,0.5147058823529411,0.8048780487804879,True,East,9.155206533393118
17,"ariza,trevor",was,SF,56,1475,188,451,76,209,78,95,44,266,114,72,84,20,72,0,530,0,0,0,False,6.071428571428571,5.285714285714286,12.035714285714286,0.41685144124168516,0.35365853658536583,False,East,9.332385521587389
18,"artest,ron",lal,SF,75,2531,332,824,141,412,124,169,101,372,112,122,98,42,198,4,929,7,0,0,False,7.013333333333334,4.886666666666667,12.84,0.4029126213592233,0.5487804878048781,True,West,9.715671991668788
19,"arthur,darrell",mem,SF,59,971,162,358,5,18,33,46,68,169,33,24,44,33,126,1,362,0,0,0,False,3.6228813559322033,1.7118644067796611,5.377118644067797,0.45251396648044695,0.6829268292682927,True,West,7.868330521171653
20,"asik,omer",hou,C,82,2464,331,613,0,1,168,299,275,956,76,48,173,87,223,2,830,1,0,0,False,7.746951219512195,8.737804878048781,16.484756097560975,0.5399673735725938,0.5487804878048781,True,West,9.317289391862287
21,"augustin,d.j.",ind,PG,76,1225,103,294,67,190,83,99,20,91,170,34,68,3,64,0,356,1,0,0,False,3.9934210526315788,1.111842105263158,5.546052631578948,0.35034013605442177,0.6049382716049383,True,East,7.941965146521223
22,"ayon,gustavo",mil,C,55,736,92,167,0,0,20,50,60,199,71,22,47,17,107,0,204,0,0,0,False,3.709090909090909,2.3636363636363638,6.072727272727272,0.5508982035928144,0.4634146341463415,True,East,9.504776776471017
23,"babbitt,luke",por,SF,62,731,86,234,62,178,10,13,15,137,29,14,22,5,82,1,244,0,0,0,False,1.907258064516129,1.6693548387096775,4.076612903225806,0.36752136752136755,0.4024390243902439,False,West,8.428839113547205
24,"barbosa,leandro",bos,PG,41,513,83,193,18,47,31,41,8,46,58,17,21,6,51,0,215,0,0,0,False,3.7621951219512195,0.9695121951219512,4.951219512195122,0.43005181347150256,0.5061728395061729,True,East,8.969970641308294
25,"barea,jose_juan",min,PG,74,1714,316,757,97,280,105,134,34,207,294,32,145,1,131,1,834,6,0,0,False,8.010135135135135,2.0067567567567566,10.672297297297296,0.41743725231175693,0.3780487804878049,False,West,9.434367679032263
26,"bargnani,andrea",tor,PF,35,1004,170,425,38,122,65,77,26,128,37,21,54,23,64,0,443,0,0,0,False,5.335714285714285,3.407142857142857,9.285714285714286,0.4,0.4146341463414634,False,East,8.772004257687824
27,"barnes,harrison",gsw,SF,81,2061,276,628,52,145,144,190,53,333,98,52,101,14,140,0,748,2,0,0,False,5.188271604938271,3.567901234567901,9.07716049382716,0.4394904458598726,0.573170731707317,True,West,10.02844115487407
28,"barnes,matt",lac,SF,80,2060,312,675,111,325,87,117,111,366,123,82,90,63,233,3,822,10,0,0,False,7.328125,3.8,11.821875,0.4622222222222222,0.6829268292682927,True,West,9.273512256029685
29,"barron,earl",na,C,12,159,18,51,0,0,3,7,22,61,5,5,11,6,24,0,39,0,0,0,False,1.5416666666666667,3.2708333333333335,4.8125,0.35294117647058826,,,,
30,"barton,will",por,PG,73,890,118,309,9,65,50,65,36,145,58,34,60,9,56,0,295,0,0,0,False,1.7808219178082192,1.8150684931506849,3.6575342465753424,0.3818770226537217,0.4024390243902439,False,West,8.428839113547205
31,"bass,brandon",bos,PF,81,2240,286,589,0,2,129,150,129,425,84,44,80,64,188,1,701,0,0,0,False,6.438271604938271,3.962962962962963,10.401234567901234,0.4855687606112054,0.5061728395061729,True,East,8.969970641308294
32,"battier,shane",mia,SF,72,1788,152,362,136,316,32,38,37,165,72,41,34,55,149,1,472,1,0,0,False,4.756944444444445,2.21875,7.920138888888889,0.4198895027624309,0.8048780487804879,True,East,9.155206533393118
33,"batum,nicolas",por,SF,73,2805,352,833,165,444,178,210,97,412,360,91,190,83,139,0,1047,1,0,0,False,11.76027397260274,6.058219178082192,18.948630136986303,0.4225690276110444,0.4024390243902439,False,West,8.428839113547205
34,"bayless,jerryd",mem,PG,80,1764,260,620,71,201,102,122,21,175,264,59,120,18,168,1,693,5,0,0,False,6.4875,2.021875,8.953125,0.41935483870967744,0.6829268292682927,True,West,7.868330521171653
35,"baynes,aron",san,C,16,143,18,36,0,1,7,12,12,32,5,1,11,6,23,0,43,0,0,0,False,1.6875,0.984375,2.671875,0.5,0.7073170731707317,True,West,10.413678534832565
36,"bazemore,kent",gsw,SG,61,281,43,116,10,34,27,44,5,22,22,17,18,4,27,0,123,0,0,0,False,0.8442622950819673,0.4713114754098361,1.3975409836065573,0.3706896551724138,0.573170731707317,True,West,10.02844115487407
37,"beal,bradley",was,SG,56,1745,282,687,91,236,125,159,43,211,138,50,90,29,113,2,780,1,0,0,False,8.214285714285714,3.625,12.651785714285714,0.4104803493449782,0.35365853658536583,False,East,9.332385521587389
38,"beasley,michael",pho,SF,75,1550,310,766,45,144,94,126,52,282,111,31,144,34,107,0,759,3,0,0,False,3.93,3.3233333333333333,7.553333333333334,0.4046997389033943,0.3048780487804878,False,West,8.591637200743854
39,"beaubois,rodrigu",dal,SG,45,553,65,176,21,72,30,38,9,56,84,19,33,4,54,0,181,0,0,0,False,3.0833333333333335,1.0611111111111111,4.377777777777778,0.3693181818181818,0.5,False,West,7.22414437974375
40,"belinelli,marco",chi,SG,73,1883,241,610,79,221,141,168,13,140,148,44,82,6,140,1,702,1,0,0,False,5.671232876712328,1.6164383561643836,7.828767123287672,0.3950819672131147,0.5487804878048781,True,East,9.053863125412617
41,"beverley,patrick",hou,PG,41,710,79,189,36,96,34,41,45,109,117,37,44,21,83,0,228,2,0,0,False,6.067073170731708,2.1890243902439024,8.695121951219512,0.41798941798941797,0.5487804878048781,True,West,9.317289391862287
42,"biedrins,andris",gsw,C,53,497,10,21,0,0,4,13,34,153,14,15,14,42,101,1,24,0,0,0,False,0.8018867924528302,2.438679245283019,3.240566037735849,0.47619047619047616,0.573170731707317,True,West,10.02844115487407
43,"billups,chauncey",lac,PG,22,418,53,132,33,90,45,48,2,32,49,12,26,1,25,0,184,0,0,0,False,6.1022727272727275,1.5227272727272727,8.375,0.4015151515151515,0.6829268292682927,True,West,9.273512256029685
44,"biyombo,bismack",cha,C,80,2184,156,346,0,0,74,142,194,576,35,28,82,143,195,1,386,0,0,0,False,3.715625,5.78125,9.496875,0.4508670520231214,0.25609756097560976,False,East,7.687773397807983
45,"blair,dejuan",san,C,61,855,142,271,0,1,44,70,66,230,45,37,49,10,112,0,328,1,0,0,False,4.032786885245901,2.692622950819672,6.725409836065574,0.5239852398523985,0.7073170731707317,True,West,10.413678534832565
46,"blake,steve",lal,PG,45,1170,114,270,72,171,27,35,21,132,172,34,62,6,83,2,327,2,0,0,False,7.188888888888889,2.6222222222222222,10.61111111111111,0.4222222222222222,0.5487804878048781,True,West,9.715671991668788
47,"blatche,andray",bro,C,82,1556,346,676,3,22,148,216,161,417,85,86,123,54,163,1,843,5,0,0,False,7.164634146341464,4.097560975609756,11.28048780487805,0.5118343195266272,0.5975609756097561,True,East,7.372905509285736
48,"bledsoe,eric",lac,PG,76,1554,253,568,31,78,106,134,78,225,233,109,137,55,112,1,643,3,0,0,False,6.697368421052632,3.713815789473684,10.615131578947368,0.4454225352112676,0.6829268292682927,True,West,9.273512256029685
49,"bogans,keith",bro,SG,74,1407,108,284,84,245,11,17,16,120,76,28,49,4,108,0,311,4,0,0,False,2.402027027027027,1.2027027027027026,4.172297297297297,0.38028169014084506,0.5975609756097561,True,East,7.372905509285736
50,"bogut,andrew",gsw,C,32,785,83,184,1,1,19,38,68,245,67,20,35,55,85,0,186,2,0,0,False,5.671875,6.703125,12.390625,0.45108695652173914,0.573170731707317,True,West,10.02844115487407
51,"bonner,matt",san,PF,68,913,112,230,53,121,11,15,25,129,36,17,16,19,86,0,288,0,0,0,False,3.2058823529411766,1.4889705882352942,5.084558823529412,0.48695652173913045,0.7073170731707317,True,West,10.413678534832565
52,"booker,trevor",was,PF,48,889,108,220,0,5,40,72,98,239,40,32,31,16,95,0,256,3,0,0,False,4.880208333333333,3.1145833333333335,7.994791666666667,0.4909090909090909,0.35365853658536583,False,East,9.332385521587389
53,"boozer,carlos",chi,PF,79,2551,544,1140,0,2,193,264,175,771,179,66,177,28,239,1,1281,5,0,0,False,10.405063291139241,7.430379746835443,17.835443037974684,0.47719298245614034,0.5487804878048781,True,East,9.053863125412617
54,"bosh,chris",mia,PF,74,2459,485,907,21,74,241,302,131,500,123,66,128,101,168,0,1232,4,0,0,False,12.16554054054054,6.331081081081081,18.638513513513512,0.5347298787210585,0.8048780487804879,True,East,9.155206533393118
55,"bradley,avery",bos,SG,50,1435,192,478,40,126,37,49,30,111,104,65,71,19,129,2,461,0,0,0,False,4.805,2.335,7.54,0.401673640167364,0.5061728395061729,True,East,8.969970641308294
56,"brand,elton",dal,PF,72,1530,226,478,0,1,66,93,130,430,70,51,57,92,192,0,518,2,0,0,False,5.510416666666667,4.996527777777778,10.506944444444445,0.47280334728033474,0.5,False,West,7.22414437974375
57,"brewer,corey",den,SF,82,2010,375,883,91,307,149,216,55,235,123,118,102,23,154,0,990,0,0,0,False,6.460365853658536,3.3353658536585367,10.350609756097562,0.4246885617214043,0.6951219512195121,True,West,9.964874605759482
58,"brewer,ronnie",okc,SG,60,852,70,198,23,76,16,39,42,140,50,43,18,6,33,0,179,0,0,0,False,2.025,2.3541666666666665,4.570833333333334,0.35353535353535354,,,,
59,"brooks,aaron",hou,PG,53,999,143,316,50,134,40,52,13,80,114,30,67,10,94,2,376,4,0,0,False,4.995283018867925,1.2735849056603774,6.740566037735849,0.4525316455696203,0.5487804878048781,True,West,9.317289391862287
60,"brooks,marshon",bro,SG,73,919,155,335,15,55,69,94,32,104,76,34,69,16,93,0,394,0,0,0,False,3.3184931506849313,1.1506849315068493,4.571917808219178,0.4626865671641791,0.5975609756097561,True,East,7.372905509285736
61,"brown,kwame",phi,C,22,269,17,37,0,0,7,19,23,74,9,6,8,10,37,0,41,1,0,0,False,1.7386363636363635,2.272727272727273,4.011363636363637,0.4594594594594595,0.4146341463414634,False,East,9.049519275090113
62,"brown,shannon",pho,PG,59,1405,240,571,39,141,98,125,44,149,108,59,74,15,92,0,617,2,0,0,False,6.0508474576271185,2.5042372881355934,8.885593220338983,0.4203152364273205,0.3048780487804878,False,West,8.591637200743854
63,"bryant,kobe",lal,SG,78,3018,738,1595,132,407,525,626,66,433,469,106,287,25,173,0,2133,14,0,0,False,19.294871794871796,5.615384615384615,25.756410256410255,0.4626959247648903,0.5487804878048781,True,West,9.715671991668788
64,"budinger,chase",min,SF,23,510,79,191,26,81,32,42,15,72,25,14,23,7,29,0,216,0,0,0,False,5.065217391304348,2.9130434782608696,8.543478260869565,0.41361256544502617,0.3780487804878049,False,West,9.434367679032263
65,"burks,alec",uta,SG,64,1136,162,387,33,92,92,129,37,145,92,35,74,13,114,0,449,0,0,0,False,4.140625,1.68359375,6.08203125,0.4186046511627907,0.524390243902439,False,West,9.475166516805716
66,"butler,caron",lac,SF,78,1879,305,720,128,330,75,90,42,223,78,51,72,11,139,0,813,2,0,0,False,5.615384615384615,2.3878205128205128,8.823717948717949,0.4236111111111111,0.6829268292682927,True,West,9.273512256029685
67,"butler,jimmy",chi,SG,82,2133,239,512,40,105,187,233,136,328,116,78,62,31,97,0,705,0,0,0,False,7.469512195121951,3.317073170731707,11.03048780487805,0.466796875,0.5487804878048781,True,East,9.053863125412617
68,"bynum,will",det,PG,65,1217,253,540,24,76,106,131,28,97,231,45,125,5,128,0,636,1,0,0,False,7.630769230769231,1.0192307692307692,8.834615384615384,0.4685185185185185,0.35365853658536583,False,East,9.268277409977985
69,"calderon,jose",det,PG,73,2159,312,635,130,282,72,80,20,176,518,58,126,8,99,0,826,1,0,0,False,13.808219178082192,2.5616438356164384,17.26027397260274,0.49133858267716535,0.35365853658536583,False,East,9.268277409977985
70,"camby,marcus",nyk,C,24,251,17,53,0,0,8,19,24,80,14,7,15,14,28,0,42,1,0,0,False,0.9270833333333334,2.6979166666666665,3.625,0.32075471698113206,0.6585365853658537,True,East,9.114170397767776
71,"carroll,demarre",uta,SF,66,1110,149,324,20,70,75,98,87,188,61,58,34,23,119,2,393,2,0,0,False,4.928030303030303,2.0757575757575757,7.15530303030303,0.45987654320987653,0.524390243902439,False,West,9.475166516805716
72,"carroll,matt",cha,SG,1,6,0,0,0,0,0,0,0,0,1,0,0,0,1,0,0,0,0,0,False,1.25,-0.5,0.75,,0.25609756097560976,False,East,7.687773397807983
73,"carter,vince",dal,SG,81,2088,372,855,162,399,182,223,58,334,194,76,107,43,226,1,1088,4,0,0,False,9.225308641975309,3.7160493827160495,13.941358024691358,0.43508771929824563,0.5,False,West,7.22414437974375
74,"casspi,omri",cle,SG,43,506,63,160,25,76,22,42,20,114,28,25,22,12,45,1,173,0,0,0,False,2.1744186046511627,2.6686046511627906,5.133720930232558,0.39375,0.2926829268292683,False,East,9.336726174747836
75,"chalmers,mario",mia,PG,77,2068,227,529,123,301,89,112,19,171,272,118,119,12,196,2,666,3,0,0,False,7.26948051948052,2.772727272727273,10.840909090909092,0.42911153119092627,0.8048780487804879,True,East,9.155206533393118
76,"chandler,tyson",nyk,C,66,2162,255,400,0,0,179,258,269,702,62,42,87,76,188,2,689,11,0,0,False,11.079545454545455,7.083333333333333,18.16287878787879,0.6375,0.6585365853658537,True,East,9.114170397767776
77,"chandler,wilson",den,SF,43,1081,210,455,52,126,88,111,45,218,58,46,60,12,119,0,560,0,0,0,False,8.046511627906977,4.255813953488372,12.906976744186046,0.46153846153846156,0.6951219512195121,True,West,9.964874605759482
78,"childress,josh",bro,SF,14,102,6,21,1,3,1,2,6,15,5,2,0,2,3,0,14,0,0,0,False,0.7678571428571429,0.8571428571428571,1.6607142857142858,0.2857142857142857,0.5975609756097561,True,East,7.372905509285736
79,"clark,earl",lal,PF,59,1364,170,386,35,104,53,76,82,325,66,36,62,44,102,0,428,0,0,0,False,4.872881355932203,4.762711864406779,9.932203389830509,0.44041450777202074,0.5487804878048781,True,West,9.715671991668788
80,"claver,victor",por,PF,49,815,74,189,25,87,14,30,31,119,43,26,43,12,75,1,187,0,0,0,False,1.9387755102040816,1.9387755102040816,4.13265306122449,0.3915343915343915,0.4024390243902439,False,West,8.428839113547205
81,"cole,norris",mia,PG,80,1592,179,425,35,98,52,80,18,130,164,57,104,7,155,0,445,1,0,0,False,3.4625,1.409375,5.090625,0.4211764705882353,0.8048780487804879,True,East,9.155206533393118
82,"collins,jason",was,C,38,382,9,29,0,0,23,32,22,60,8,12,18,10,85,1,41,0,0,0,False,0.6842105263157895,0.5394736842105263,1.2236842105263157,0.3103448275862069,0.35365853658536583,False,East,9.332385521587389
83,"collison,darren",dal,PG,81,2375,341,724,48,136,242,275,31,218,414,101,173,8,139,0,972,1,0,0,False,11.157407407407407,3.1080246913580245,14.561728395061728,0.47099447513812154,0.5,False,West,7.22414437974375
84,"collison,nick",okl,PF,81,1579,176,296,0,4,60,78,123,333,121,51,69,30,197,2,412,2,0,0,False,5.790123456790123,2.5339506172839505,8.324074074074074,0.5945945945945946,0.7317073170731707,True,West,10.217112270408276
85,"conley,mike",mem,PG,80,2758,414,940,106,294,234,282,42,225,485,172,190,24,171,0,1168,0,0,0,False,12.859375,4.20625,17.728125,0.44042553191489364,0.6829268292682927,True,West,7.868330521171653
86,"conroy,will",min,PG,4,21,0,9,0,3,1,2,1,1,0,0,0,0,1,0,1,0,0,0,False,-1.875,-0.125,-2.0,0.0,0.3780487804878049,False,West,9.434367679032263
87,"cook,daequan",chi,SG,49,444,51,167,26,91,9,12,7,61,19,8,15,7,26,0,137,0,0,0,False,0.6428571428571429,1.183673469387755,2.0918367346938775,0.30538922155688625,0.5487804878048781,True,East,9.053863125412617
88,"copeland,chris",nyk,SF,56,864,182,380,59,140,63,83,34,119,27,16,50,12,104,1,486,0,0,0,False,5.058035714285714,1.1607142857142858,6.745535714285714,0.4789473684210526,0.6585365853658537,True,East,9.114170397767776
89,"cousins,demarcus",sac,C,75,2289,482,1036,4,23,312,423,222,746,199,108,225,55,269,4,1280,15,0,0,False,11.266666666666667,7.726666666666667,19.02,0.46525096525096526,0.34146341463414637,False,West,9.045044577046296
90,"crawford,jamal",lac,SG,76,2231,445,1016,149,396,216,248,22,128,193,79,146,13,71,0,1255,9,0,0,False,9.733552631578947,2.398026315789474,13.111842105263158,0.43799212598425197,0.6829268292682927,True,West,9.273512256029685
91,"crawford,jordan",bos,SG,70,1712,301,725,83,246,129,159,44,209,224,39,141,7,106,0,814,7,0,0,False,7.367857142857143,2.3964285714285714,10.357142857142858,0.41517241379310343,0.5061728395061729,True,East,8.969970641308294
92,"crowder,jae",dal,SF,78,1351,141,367,63,192,47,73,35,187,93,63,49,17,128,0,392,0,0,0,False,3.1153846153846154,2.355769230769231,5.875,0.38419618528610355,0.5,False,West,7.22414437974375
93,"cunningham,dante",min,PF,80,2012,314,671,0,6,67,103,141,408,66,84,56,39,153,0,695,3,0,0,False,5.88125,4.18125,10.0625,0.46795827123695977,0.3780487804878049,False,West,9.434367679032263
94,"cunningham,jared",dal,SG,8,27,6,14,2,3,2,2,1,3,1,1,2,0,3,0,16,0,0,0,False,0.96875,0.21875,1.3125,0.42857142857142855,0.5,False,West,7.22414437974375
95,"curry,eddie",dal,C,2,25,4,8,0,0,1,4,2,4,0,0,3,0,7,0,9,0,0,0,False,0.875,-0.75,0.125,0.5,0.5,False,West,7.22414437974375
96,"curry,stephen",gsw,PG,78,2989,626,1388,272,600,262,291,59,314,538,127,239,12,198,2,1786,3,0,0,False,18.451923076923077,4.189102564102564,24.384615384615383,0.4510086455331412,0.573170731707317,True,West,10.02844115487407
97,"dalembert,samuel",mil,C,47,762,137,253,1,1,38,55,105,276,21,17,51,53,90,1,313,1,0,0,False,5.425531914893617,4.26063829787234,9.696808510638299,0.541501976284585,0.4634146341463415,True,East,9.504776776471017
98,"daniels,marquis",mil,SG,59,1088,132,351,20,72,40,54,48,150,65,51,45,10,77,0,324,0,0,0,False,2.8983050847457625,2.3262711864406778,5.3940677966101696,0.37606837606837606,0.4634146341463415,True,East,9.504776776471017
99,"davis,anthony",nor,PF,64,1848,348,676,0,6,169,225,165,522,63,75,89,112,158,0,865,2,0,0,False,9.9921875,7.55859375,17.55078125,0.514792899408284,0.32926829268292684,False,West,7.753902368454686
100,"davis,ed",mem,PF,81,1627,260,482,0,0,103,167,152,460,63,38,63,85,191,1,623,1,0,0,False,6.419753086419753,4.2592592592592595,10.679012345679013,0.5394190871369294,0.6829268292682927,True,West,7.868330521171653
101,"davis,glen",orl,PF,34,1065,214,478,0,2,84,117,55,246,71,32,64,21,88,2,512,5,0,0,False,8.536764705882353,6.117647058823529,14.654411764705882,0.4476987447698745,0.24390243902439024,False,East,8.990122896788058
102,"daye,austin",mem,SF,55,676,90,208,41,98,26,34,16,123,42,14,29,22,82,0,247,0,0,0,False,2.859090909090909,1.9181818181818182,5.15,0.4326923076923077,0.6829268292682927,True,West,7.868330521171653
103,"decolo,nando",san,SG,72,925,105,241,31,82,35,44,23,138,138,41,81,6,87,0,276,0,0,0,False,3.1909722222222223,1.7881944444444444,5.194444444444445,0.43568464730290457,0.7073170731707317,True,West,10.413678534832565
104,"delfino,carlos",hou,SG,67,1689,251,620,158,421,48,56,19,220,135,68,72,9,114,0,708,0,0,0,False,6.458955223880597,3.5522388059701493,11.190298507462687,0.40483870967741936,0.5487804878048781,True,West,9.317289391862287
105,"deng,luol",chi,SF,75,2899,466,1093,75,233,230,282,162,475,222,81,143,32,105,0,1237,3,0,0,False,11.223333333333333,5.25,16.973333333333333,0.4263494967978042,0.5487804878048781,True,East,9.053863125412617
106,"dentmon,justin",dal,PG,2,4,0,2,0,0,0,0,0,0,0,0,0,0,0,0,0,0,0,0,False,-1.0,0.0,-1.0,0.0,0.5,False,West,7.22414437974375
107,"derozan,demar",tor,SG,82,3011,548,1231,34,120,355,427,48,320,204,76,151,24,173,1,1485,7,0,0,False,10.649390243902438,3.7134146341463414,14.570121951219512,0.44516653127538586,0.4146341463414634,False,East,8.772004257687824
108,"diaw,boris",san,PF,75,1708,179,332,30,78,47,65,66,254,180,52,84,27,143,0,435,1,0,0,False,6.1066666666666665,2.78,9.086666666666666,0.5391566265060241,0.7073170731707317,True,West,10.413678534832565
109,"diop,desagana",cha,C,22,226,8,27,0,1,0,1,10,51,13,5,8,16,19,0,16,0,0,0,False,0.5795454545454546,2.4431818181818183,3.022727272727273,0.2962962962962963,0.25609756097560976,False,East,7.687773397807983
110,"dooling,keyon",mem,PG,7,82,10,21,5,12,6,7,0,1,8,1,5,0,8,0,31,0,0,0,False,3.3214285714285716,-0.25,3.4285714285714284,0.47619047619047616,0.6829268292682927,True,West,7.868330521171653
111,"douglas,toney",sac,PG,71,1290,188,466,82,216,76,84,34,138,151,71,81,3,145,0,534,0,0,0,False,5.26056338028169,1.7359154929577465,7.573943661971831,0.4034334763948498,0.34146341463414637,False,West,9.045044577046296
112,douglas-roberts,dal,SF,6,64,5,14,0,4,7,10,0,5,4,2,1,0,4,0,17,0,0,0,False,1.7083333333333333,0.9166666666666666,2.625,0.35714285714285715,0.5,False,West,7.22414437974375
113,"dragic,goran",pho,PG,77,2582,401,906,88,276,244,326,60,238,569,124,212,26,214,1,1134,5,0,0,False,14.146103896103897,3.272727272727273,17.99025974025974,0.44260485651214126,0.3048780487804878,False,West,8.591637200743854
114,"drummond,andre",det,C,60,1244,208,342,1,2,59,159,169,457,30,59,57,95,144,1,476,5,0,0,False,7.0375,6.4125,13.458333333333334,0.6081871345029239,0.35365853658536583,False,East,9.268277409977985
115,"dudley,jared",pho,SF,79,2169,313,669,106,271,129,162,79,245,203,75,101,8,128,0,861,1,0,0,False,8.784810126582279,2.579113924050633,12.034810126582279,0.4678624813153961,0.3048780487804878,False,West,8.591637200743854
116,"duhon,chris",lal,PG,46,819,47,123,33,91,6,13,11,68,133,20,40,1,56,0,133,1,0,0,False,3.907608695652174,1.1956521739130435,5.461956521739131,0.3821138211382114,0.5487804878048781,True,West,9.715671991668788
117,"duncan,tim",san,PF,69,2070,490,976,2,7,245,300,125,686,184,50,147,182,117,0,1227,3,0,0,False,12.778985507246377,10.826086956521738,23.619565217391305,0.5020491803278688,0.7073170731707317,True,West,10.413678534832565
118,"dunleavy,mike",mil,SG,75,1946,276,624,128,299,105,128,31,291,145,39,90,35,135,0,785,2,0,0,False,6.976666666666667,3.683333333333333,11.513333333333334,0.4423076923076923,0.4634146341463415,True,East,9.504776776471017
119,"durant,kevin",okl,SF,81,3121,731,1433,139,334,679,750,46,640,374,116,280,105,143,1,2280,13,0,0,False,20.901234567901234,9.537037037037036,31.296296296296298,0.5101186322400558,0.7317073170731707,True,West,10.217112270408276
120,"ebanks,devin",lal,SF,19,195,24,73,6,22,11,14,10,41,10,3,11,1,23,0,65,0,0,0,False,1.2236842105263157,1.2763157894736843,2.6578947368421053,0.3287671232876712,0.5487804878048781,True,West,9.715671991668788
121,"ellington,wayne",cle,PG,78,1661,226,529,94,240,68,75,25,166,104,45,57,3,81,0,614,1,0,0,False,5.003205128205129,2.048076923076923,7.653846153846154,0.42722117202268434,0.2926829268292683,False,East,9.336726174747836
122,"ellis,monta",mil,PG,82,3076,597,1436,94,328,289,374,45,316,496,169,254,36,164,0,1577,4,0,0,False,12.670731707317072,5.320121951219512,18.5640243902439,0.4157381615598886,0.4634146341463415,True,East,9.504776776471017
123,"english,kim",det,SG,41,412,42,112,14,50,21,29,8,37,26,16,19,3,46,1,119,0,0,0,False,1.5060975609756098,0.7073170731707317,2.3841463414634148,0.375,0.35365853658536583,False,East,9.268277409977985
124,"evans,jeremy",uta,SF,37,216,27,44,0,1,21,33,26,58,11,8,8,13,30,0,75,0,0,0,False,2.2094594594594597,1.0810810810810811,3.2905405405405403,0.6136363636363636,0.524390243902439,False,West,9.475166516805716
125,"evans,reggie",bro,PF,80,1972,125,261,0,0,113,222,260,888,43,74,111,13,199,2,363,5,0,0,False,4.28125,7.925,12.20625,0.4789272030651341,0.5975609756097561,True,East,7.372905509285736
126,"evans,tyreke",sac,SG,65,2015,366,765,45,133,210,271,56,287,228,90,128,27,133,0,987,2,0,0,False,11.330769230769231,4.676923076923077,16.353846153846153,0.47843137254901963,0.34146341463414637,False,West,9.045044577046296
127,"ezeli,festus",gsw,C,78,1124,74,169,0,0,43,81,141,313,22,23,63,74,157,1,191,0,0,0,False,2.1378205128205128,2.516025641025641,4.653846153846154,0.4378698224852071,0.573170731707317,True,West,10.02844115487407
128,"faried,kenneth",den,PF,80,2244,380,689,0,0,163,266,260,734,78,81,113,84,234,1,923,9,0,0,False,9.621875,6.778125,16.4,0.5515239477503628,0.6951219512195121,True,West,9.964874605759482
129,"favors,derrick",uta,PF,77,1789,274,567,0,5,179,260,184,546,75,67,130,130,247,3,727,2,0,0,False,6.5811688311688314,5.873376623376624,12.454545454545455,0.48324514991181655,0.524390243902439,False,West,9.475166516805716
130,"felton,raymond",nyk,PG,68,2311,377,882,93,258,101,128,51,195,372,94,155,14,129,0,948,3,0,0,False,11.011029411764707,3.1029411764705883,14.797794117647058,0.427437641723356,0.6585365853658537,True,East,9.114170397767776
131,"fields,landry",tor,SG,51,1037,102,223,2,14,34,53,59,208,60,32,42,8,63,0,240,0,0,0,False,3.7450980392156863,3.2450980392156863,7.009803921568627,0.45739910313901344,0.4146341463414634,False,East,8.772004257687824
132,"fisher,derek",okc,PG,33,574,55,161,30,80,35,38,2,37,49,19,30,3,55,2,175,1,0,0,False,2.7954545454545454,1.0378787878787878,4.287878787878788,0.3416149068322981,,,,
133,"fournier,evan",den,SG,38,428,75,152,22,54,30,39,6,35,44,19,32,1,65,0,202,0,0,0,False,3.723684210526316,0.5592105263157895,4.572368421052632,0.4934210526315789,0.6951219512195121,True,West,9.964874605759482
134,"foye,randy",uta,SG,82,2249,293,738,178,434,118,144,17,127,167,66,92,26,190,1,882,0,0,0,False,6.521341463414634,1.5060975609756098,9.112804878048781,0.3970189701897019,0.524390243902439,False,West,9.475166516805716
135,"fredette,jimmer",sac,PG,68,970,172,411,65,156,85,99,19,71,93,31,68,3,64,0,494,0,0,0,False,4.386029411764706,0.9080882352941176,5.772058823529412,0.41849148418491483,0.34146341463414637,False,West,9.045044577046296
136,"freeland,joel",por,PF,51,477,58,142,0,0,18,27,40,119,13,13,19,11,67,0,134,0,0,0,False,1.5294117647058822,1.4264705882352942,2.9558823529411766,0.4084507042253521,0.4024390243902439,False,West,8.428839113547205
137,"gallinari,danilo",den,PF,71,2311,364,871,135,362,286,348,65,367,176,65,111,36,130,0,1149,4,0,0,False,10.609154929577464,4.98943661971831,16.549295774647888,0.417910447761194,0.6951219512195121,True,West,9.964874605759482
138,"garcia,francisco",hou,SF,58,1028,118,300,67,179,18,21,8,91,63,46,32,38,88,0,321,1,0,0,False,3.1594827586206895,2.3189655172413794,6.056034482758621,0.3933333333333333,0.5487804878048781,True,West,9.317289391862287
139,"garnett,kevin",bos,PF,68,2024,422,850,2,16,158,201,75,530,159,78,110,62,154,1,1004,9,0,0,False,10.025735294117647,7.904411764705882,17.94485294117647,0.4964705882352941,0.5061728395061729,True,East,8.969970641308294
140,"garrett,diante",pho,SG,19,150,16,49,3,15,5,10,5,15,31,10,16,0,5,0,40,0,0,0,False,1.486842105263158,1.0526315789473684,2.6184210526315788,0.32653061224489793,0.3048780487804878,False,West,8.591637200743854
141,"gasol,marc",mem,C,80,2798,429,869,1,14,268,316,185,623,318,80,157,139,255,2,1127,5,0,0,False,13.053125,6.86875,19.928125,0.4936708860759494,0.6829268292682927,True,West,7.868330521171653
142,"gasol,pau",lal,PF,49,1655,270,579,8,28,125,178,111,421,200,24,104,61,93,0,673,3,0,0,False,11.540816326530612,7.23469387755102,18.857142857142858,0.46632124352331605,0.5487804878048781,True,West,9.715671991668788
143,"gay,rudy",tor,SF,75,2686,521,1253,84,260,240,295,99,461,202,114,198,53,182,1,1366,6,0,0,False,9.393333333333333,6.22,16.173333333333332,0.4158020750199521,0.4146341463414634,False,East,8.772004257687824
144,"gee,alonzo",cle,SG,82,2539,305,744,69,219,163,205,75,320,133,107,132,29,199,2,842,0,0,0,False,5.588414634146342,3.7591463414634148,9.768292682926829,0.4099462365591398,0.2926829268292683,False,East,9.336726174747836
145,"gelabale,mickael",min,SF,36,645,72,139,16,52,21,24,32,99,26,16,16,4,47,0,181,0,0,0,False,4.361111111111111,1.875,6.458333333333333,0.5179856115107914,0.3780487804878049,False,West,9.434367679032263
146,"george,paul",ind,SG,79,2970,493,1176,170,469,221,274,88,603,329,142,233,50,227,1,1377,6,0,0,False,11.00632911392405,7.962025316455696,20.044303797468356,0.4192176870748299,0.6049382716049383,True,East,7.941965146521223
147,"gibson,daniel",cle,PG,46,923,84,247,56,163,26,37,5,60,82,30,31,4,89,1,250,2,0,0,False,3.222826086956522,1.1304347826086956,4.961956521739131,0.340080971659919,0.2926829268292683,False,East,9.336726174747836
148,"gibson,taj",chi,PF,65,1460,214,441,0,4,89,131,125,345,61,27,76,91,166,2,517,1,0,0,False,5.757692307692308,4.026923076923077,9.784615384615385,0.4852607709750567,0.5487804878048781,True,East,9.053863125412617
149,"ginobili,manu",san,SG,60,1394,229,539,83,235,164,206,30,201,274,80,132,13,114,0,705,0,0,0,False,9.691666666666666,3.783333333333333,14.166666666666666,0.424860853432282,0.7073170731707317,True,West,10.413678534832565
150,"gooden,drew",mil,PF,16,150,20,61,1,5,11,16,13,31,6,5,9,6,21,0,52,2,0,0,False,0.984375,1.234375,2.25,0.32786885245901637,0.4634146341463415,True,East,9.504776776471017
151,"gordon,ben",cha,SG,75,1562,310,760,113,292,107,127,18,130,142,35,136,16,134,2,840,4,0,0,False,5.3533333333333335,1.3966666666666667,7.503333333333333,0.40789473684210525,0.25609756097560976,False,East,7.687773397807983
152,"gordon,eric",nor,SG,42,1267,235,584,56,173,187,222,10,77,137,45,117,8,75,1,713,0,0,0,False,9.083333333333334,2.232142857142857,11.982142857142858,0.4023972602739726,0.32926829268292684,False,West,7.753902368454686
153,"gortat,marcin",pho,C,61,1879,295,566,0,3,90,138,128,516,75,40,99,98,127,0,680,3,0,0,False,7.868852459016393,7.745901639344262,15.614754098360656,0.5212014134275619,0.3048780487804878,False,West,8.591637200743854
154,"goudelock,andrew",lal,PG,1,6,0,2,0,0,0,0,1,1,0,0,0,0,0,0,0,0,0,0,False,-1.0,0.0,-1.0,0.0,0.5487804878048781,True,West,9.715671991668788
155,"granger,danny",ind,SF,5,75,10,35,2,10,5,8,3,9,3,2,4,1,6,0,27,0,0,0,False,0.45,1.3,1.95,0.2857142857142857,0.6049382716049383,True,East,7.941965146521223
156,"gray,aaron",tor,C,42,517,48,90,0,0,23,44,48,133,33,7,36,5,85,0,119,0,0,0,False,2.636904761904762,1.3392857142857142,3.9761904761904763,0.5333333333333333,0.4146341463414634,False,East,8.772004257687824
157,"green,danny",san,SG,80,2192,297,663,177,413,67,79,36,244,141,92,94,54,124,0,838,1,0,0,False,6.996875,3.9375,12.040625,0.4479638009049774,0.7073170731707317,True,West,10.413678534832565
158,"green,draymond",gsw,PG,79,1062,84,257,14,67,45,55,58,260,53,42,51,25,159,2,227,3,0,0,False,1.3481012658227849,2.5316455696202533,3.9683544303797467,0.32684824902723736,0.573170731707317,True,West,10.02844115487407
159,"green,gerald",ind,SG,60,1082,155,424,59,188,52,65,31,141,49,18,53,23,64,0,421,5,0,0,False,2.775,2.058333333333333,5.325,0.36556603773584906,0.6049382716049383,True,East,7.941965146521223
160,"green,jeff",bos,PF,81,2252,376,806,70,182,214,265,55,318,128,56,132,68,175,0,1036,1,0,0,False,7.771604938271605,3.8703703703703702,12.074074074074074,0.4665012406947891,0.5061728395061729,True,East,8.969970641308294
161,"green,willie",lac,SG,72,1185,178,386,71,166,23,32,17,97,55,29,31,12,96,0,450,0,0,0,False,3.951388888888889,1.1145833333333333,5.559027777777778,0.46113989637305697,0.6829268292682927,True,West,9.273512256029685
162,"griffin,blake",lac,PF,80,2596,577,1072,5,28,281,426,186,662,299,97,185,50,231,3,1440,14,0,0,False,14.8375,6.646875,21.515625,0.5382462686567164,0.6829268292682927,True,West,9.273512256029685
163,"haddadi,hamed",pho,C,30,321,35,82,0,0,14,27,43,111,12,6,31,27,60,0,84,1,0,0,False,1.625,2.4166666666666665,4.041666666666667,0.4268292682926829,0.3048780487804878,False,West,8.591637200743854
164,"hamilton,jordan",den,SF,40,402,84,201,27,73,13,26,32,95,23,15,19,8,24,0,208,0,0,0,False,3.0375,1.94375,5.31875,0.417910447761194,0.6951219512195121,True,West,9.964874605759482
165,"hamilton,richard",chi,SG,50,1088,204,475,16,52,66,77,16,83,119,24,84,5,93,0,490,4,0,0,False,5.385,1.11,6.655,0.42947368421052634,0.5487804878048781,True,East,9.053863125412617
166,"hansbrough,ben",ind,PG,28,202,15,45,6,23,21,27,2,18,21,7,18,2,23,0,57,0,0,0,False,1.0625,0.5446428571428571,1.7142857142857142,0.3333333333333333,0.6049382716049383,True,East,7.941965146521223
167,"hansbrough,tyler",ind,PF,81,1369,176,407,0,3,216,300,161,373,36,29,78,19,152,0,568,3,0,0,False,4.944444444444445,2.361111111111111,7.305555555555555,0.43243243243243246,0.6049382716049383,True,East,7.941965146521223
168,"harden,james",hou,SG,78,2980,585,1337,179,486,674,792,63,380,455,142,295,38,178,0,2023,4,0,0,False,18.858974358974358,5.685897435897436,25.692307692307693,0.43754674644727,0.5487804878048781,True,West,9.317289391862287
169,"harkless,maurice",orl,SG,76,1973,260,564,32,117,73,128,122,335,50,88,69,62,144,2,625,1,0,0,False,5.141447368421052,4.118421052631579,9.470394736842104,0.46099290780141844,0.24390243902439024,False,East,8.990122896788058
170,"harrellson,josh",mia,C,6,32,4,9,1,5,1,2,3,7,0,1,3,1,4,0,10,0,0,0,False,0.625,0.7083333333333334,1.4166666666666667,0.4444444444444444,0.8048780487804879,True,East,9.155206533393118
171,"harrington,al",orl,PF,10,118,20,57,8,30,3,4,6,27,10,4,7,1,18,0,51,0,0,0,False,2.325,1.8,4.525,0.3508771929824561,0.24390243902439024,False,East,8.990122896788058
172,"harris,devin",atl,PG,58,1420,194,443,77,230,112,154,6,116,197,64,88,13,103,0,577,2,0,0,False,7.711206896551724,2.6120689655172415,10.987068965517242,0.43792325056433407,0.5365853658536586,True,East,9.373592651462864
173,"harris,terrel",nor,SF,10,36,2,9,0,1,6,8,4,9,2,0,7,0,4,0,10,0,0,0,False,-0.025,0.3,0.275,0.2222222222222222,0.32926829268292684,False,West,7.753902368454686
174,"harris,tobias",orl,SF,65,1398,235,530,34,115,104,139,73,304,76,34,76,47,133,3,608,3,0,0,False,5.623076923076923,3.9076923076923076,9.792307692307693,0.44339622641509435,0.24390243902439024,False,East,8.990122896788058
175,"haslem,udonis",mia,PF,75,1412,129,251,0,0,32,45,97,404,38,30,45,15,173,1,290,3,0,0,False,3.29,3.64,6.93,0.5139442231075697,0.8048780487804879,True,East,9.155206533393118
176,"hawes,spencer",phi,C,82,2229,376,811,31,87,122,157,172,590,183,24,131,114,233,1,905,7,0,0,False,8.323170731707316,5.432926829268292,13.945121951219512,0.4636251541307028,0.4146341463414634,False,East,9.049519275090113
177,"hayes,chuck",sac,PF,74,1211,84,190,0,1,30,48,114,300,112,31,44,18,114,0,198,0,0,0,False,3.810810810810811,2.510135135135135,6.320945945945946,0.4421052631578947,0.34146341463414637,False,West,9.045044577046296
178,"hayward,gordon",uta,SF,72,2108,336,773,102,246,243,294,51,225,213,58,120,38,125,1,1017,1,0,0,False,10.010416666666666,3.0833333333333335,13.802083333333334,0.4346701164294955,0.524390243902439,False,West,9.475166516805716
179,"hayward,lazar",min,SF,4,31,2,10,0,4,6,6,0,4,3,2,0,0,3,0,10,0,0,0,False,1.4375,1.25,2.6875,0.2,0.3780487804878049,False,West,9.434367679032263
180,"haywood,brendan",cha,C,61,1165,93,216,0,1,30,66,125,290,29,16,50,49,125,0,216,0,0,0,False,2.848360655737705,2.8114754098360657,5.659836065573771,0.4305555555555556,0.25609756097560976,False,East,7.687773397807983
181,"henderson,gerald",cha,SG,68,2133,382,855,33,100,258,313,55,250,177,68,108,34,149,0,1055,5,0,0,False,10.158088235294118,3.5220588235294117,13.922794117647058,0.44678362573099417,0.25609756097560976,False,East,7.687773397807983
182,"henry,xavier",nor,SG,50,627,66,161,4,11,58,92,21,90,13,16,31,5,72,0,194,1,0,0,False,1.59,1.16,2.79,0.40993788819875776,0.32926829268292684,False,West,7.753902368454686
183,"henson,john",mil,PF,63,827,162,336,0,3,56,105,116,297,31,19,47,42,83,0,380,1,0,0,False,4.388888888888889,3.257936507936508,7.646825396825397,0.48214285714285715,0.4634146341463415,True,East,9.504776776471017
184,"hibbert,roy",ind,C,79,2270,385,859,1,4,166,224,294,653,113,40,161,208,279,5,937,4,0,0,False,8.405063291139241,6.044303797468355,14.455696202531646,0.4481955762514552,0.6049382716049383,True,East,7.941965146521223
185,"hickson,j.j.",por,C,80,2323,418,744,0,2,182,268,266,828,88,48,145,51,160,0,1018,2,0,0,False,10.521875,7.4125,17.934375,0.5618279569892473,0.4024390243902439,False,West,8.428839113547205
186,"higgins,cory",cha,SG,6,33,6,19,1,5,1,2,1,3,5,3,0,0,5,0,14,0,0,0,False,1.2916666666666667,0.5416666666666666,1.9166666666666667,0.3157894736842105,0.25609756097560976,False,East,7.687773397807983
187,"hilario,nene",was,C,61,1656,285,594,0,1,196,269,101,407,177,55,139,37,171,1,766,2,0,0,False,9.295081967213115,5.348360655737705,14.64344262295082,0.4797979797979798,0.35365853658536583,False,East,9.332385521587389
188,"hill,george",ind,PG,76,2622,386,870,130,353,174,213,48,287,355,81,116,26,134,0,1076,3,0,0,False,12.055921052631579,3.9375,16.848684210526315,0.4436781609195402,0.6049382716049383,True,East,7.941965146521223
189,"hill,grant",lac,SF,29,435,38,99,3,11,14,24,6,49,26,11,25,6,39,0,93,0,0,0,False,1.1810344827586208,1.4913793103448276,2.7241379310344827,0.3838383838383838,0.6829268292682927,True,West,9.273512256029685
190,"hill,jordan",lal,PF,29,458,77,155,0,2,40,61,82,166,13,8,26,19,55,0,194,1,0,0,False,5.870689655172414,2.9482758620689653,8.818965517241379,0.4967741935483871,0.5487804878048781,True,West,9.715671991668788
191,"hinrich,kirk",chi,PG,60,1764,159,422,71,182,70,98,16,158,313,63,99,25,192,4,459,3,0,0,False,7.708333333333333,2.495833333333333,10.795833333333333,0.3767772511848341,0.5487804878048781,True,East,9.053863125412617
192,"holiday,jrue",phi,PG,78,2924,555,1287,91,247,182,242,89,329,625,123,292,32,170,2,1383,3,0,0,False,14.400641025641026,4.368589743589744,19.352564102564102,0.43123543123543123,0.4146341463414634,False,East,9.049519275090113
193,"holiday,justin",phi,SG,9,143,16,48,4,16,6,8,0,14,15,3,9,6,7,0,42,0,0,0,False,1.8333333333333333,2.25,4.305555555555555,0.3333333333333333,0.4146341463414634,False,East,9.049519275090113
194,"hollins,ryan",lac,C,60,666,70,114,0,0,66,88,50,139,11,6,44,34,133,2,206,3,0,0,False,2.6125,1.0666666666666667,3.6791666666666667,0.6140350877192983,0.6829268292682927,True,West,9.273512256029685
195,"honeycutt,tyler",sac,SF,9,32,3,11,0,2,2,2,3,10,2,0,5,1,2,0,8,0,0,0,False,-0.08333333333333333,0.7777777777777778,0.6944444444444444,0.2727272727272727,0.34146341463414637,False,West,9.045044577046296
196,"horford,al",atl,C,74,2757,576,1060,3,6,134,208,195,757,240,78,147,78,163,2,1289,2,0,0,False,14.557432432432432,8.864864864864865,23.44256756756757,0.5433962264150943,0.5365853658536586,True,East,9.373592651462864
197,"howard,dwight",lal,C,76,2717,470,813,1,6,355,721,251,945,108,84,225,186,291,5,1296,11,0,0,False,11.365131578947368,11.046052631578947,22.417763157894736,0.5781057810578106,0.5487804878048781,True,West,9.715671991668788
198,"howard,josh",min,SF,11,207,31,77,5,16,7,12,9,36,4,10,10,3,18,0,74,0,0,0,False,2.4545454545454546,3.0454545454545454,5.7272727272727275,0.4025974025974026,0.3780487804878049,False,West,9.434367679032263
199,"howard,juwan",mia,C,7,49,10,19,0,0,1,1,0,8,6,0,4,0,9,0,21,0,0,0,False,2.0714285714285716,0.5,2.5714285714285716,0.5263157894736842,0.8048780487804879,True,East,9.155206533393118
200,"humphries,kris",bro,PF,65,1192,139,310,0,2,97,123,126,365,32,16,57,33,127,0,375,3,0,0,False,4.35,3.5153846153846153,7.865384615384615,0.4483870967741935,0.5975609756097561,True,East,7.372905509285736
201,"ibaka,serge",okl,PF,80,2486,445,777,20,57,143,191,221,616,43,28,125,242,213,3,1053,7,0,0,False,10.10625,7.06875,17.3,0.5727155727155727,0.7317073170731707,True,West,10.217112270408276
202,"iguodala,andre",den,SF,80,2784,396,879,91,287,155,270,82,423,433,138,206,52,127,0,1038,1,0,0,False,10.778125,6.275,17.621875,0.45051194539249145,0.6951219512195121,True,West,9.964874605759482
203,"ilyasova,ersan",mil,PF,73,2013,371,803,95,214,125,157,154,520,117,68,75,36,185,1,962,1,0,0,False,9.856164383561644,5.404109589041096,15.91095890410959,0.46201743462017436,0.4634146341463415,True,East,9.504776776471017
204,"irving,kyrie",cle,PG,59,2048,484,1070,109,279,248,290,34,216,350,89,191,21,146,0,1325,0,0,0,False,16.114406779661017,4.088983050847458,21.127118644067796,0.4523364485981308,0.2926829268292683,False,East,9.336726174747836
205,"ivey,royal",phi,PG,53,702,62,144,37,88,9,16,16,57,32,23,20,3,73,0,170,1,0,0,False,2.160377358490566,0.6839622641509434,3.193396226415094,0.4305555555555556,0.4146341463414634,False,East,9.049519275090113
206,"jack,jarrett",gsw,PG,79,2354,387,857,82,203,167,198,21,243,438,60,157,11,134,0,1023,2,0,0,False,11.490506329113924,3.050632911392405,15.060126582278482,0.4515752625437573,0.573170731707317,True,West,10.02844115487407
207,"jackson,reggie",okl,SG,70,992,149,325,24,104,52,62,21,166,122,29,53,13,84,0,374,1,0,0,False,4.275,2.175,6.621428571428571,0.4584615384615385,0.7317073170731707,True,West,10.217112270408276
208,"jackson,stephen",san,SF,55,1076,123,330,46,170,49,70,22,155,80,37,77,14,89,0,341,7,0,0,False,2.5863636363636364,2.7045454545454546,5.709090909090909,0.37272727272727274,0.7073170731707317,True,West,10.413678534832565
209,"james,bernard",dal,C,46,457,53,103,0,2,25,41,52,131,7,12,18,38,64,0,131,0,0,0,False,2.4184782608695654,2.1739130434782608,4.592391304347826,0.5145631067961165,0.5,False,West,7.22414437974375
210,"james,damion",bro,SF,2,2,0,0,0,0,0,0,0,1,0,0,0,0,0,0,0,0,0,0,False,0.0,0.5,0.5,,0.5975609756097561,True,East,7.372905509285736
211,"james,lebron",mia,SF,76,2881,765,1354,103,254,403,536,97,611,551,129,226,67,110,0,2036,6,0,0,True,24.707236842105264,9.042763157894736,34.42763157894737,0.5649926144756278,0.8048780487804879,True,East,9.155206533393118
212,"james,mike",dal,PG,45,864,101,271,48,125,23,29,9,71,139,25,54,3,95,1,273,2,0,0,False,4.738888888888889,1.0833333333333333,6.355555555555555,0.3726937269372694,0.5,False,West,7.22414437974375
213,"jamison,antawn",lal,PF,76,1638,267,574,84,233,94,136,108,361,50,30,53,22,124,1,712,1,0,0,False,6.411184210526316,3.2960526315789473,10.259868421052632,0.4651567944250871,0.5487804878048781,True,West,9.715671991668788
214,"jefferson,al",uta,C,78,2577,611,1236,2,17,167,217,156,720,164,80,105,88,170,0,1391,2,0,0,False,12.419871794871796,8.551282051282051,20.983974358974358,0.494336569579288,0.524390243902439,False,West,9.475166516805716
215,"jefferson,richar",gsw,SF,56,568,62,136,14,45,38,53,5,84,31,14,23,7,45,0,176,0,0,0,False,1.9553571428571428,1.4464285714285714,3.5267857142857144,0.45588235294117646,0.573170731707317,True,West,10.02844115487407
216,"jeffries,jared",por,PF,38,351,16,54,0,2,12,23,26,60,14,6,17,6,58,0,44,2,0,0,False,0.5460526315789473,0.4868421052631579,1.0328947368421053,0.2962962962962963,0.4024390243902439,False,West,8.428839113547205
217,"jenkins,charles",phi,PG,59,444,49,121,1,2,12,22,8,32,44,15,21,2,22,0,111,0,0,0,False,1.1991525423728813,0.5720338983050848,1.7796610169491525,0.4049586776859504,0.4146341463414634,False,East,9.049519275090113
218,"jenkins,john",atl,PG,61,906,131,294,53,138,59,70,17,94,56,12,40,10,37,0,374,0,0,0,False,3.9754098360655736,1.3688524590163935,5.778688524590164,0.445578231292517,0.5365853658536586,True,East,9.373592651462864
219,"jennings,brandon",mil,PG,80,2897,497,1247,173,462,230,281,59,246,521,125,203,11,155,1,1397,6,0,0,False,13.4,3.459375,17.940625,0.39855653568564553,0.4634146341463415,True,East,9.504776776471017
220,"jerebko,jonas",det,PF,49,893,142,316,25,83,68,88,68,185,43,38,42,8,90,0,377,2,0,0,False,5.311224489795919,2.6020408163265305,8.168367346938776,0.44936708860759494,0.35365853658536583,False,East,9.268277409977985
221,"johnson,amir",tor,C,81,2327,336,606,5,13,136,187,227,611,122,81,117,110,301,8,813,2,0,0,False,9.243827160493828,5.4907407407407405,14.765432098765432,0.5544554455445545,0.4146341463414634,False,East,8.772004257687824
222,"johnson,chris",min,C,30,286,48,75,0,0,21,34,20,60,8,7,13,28,49,0,117,1,0,0,False,3.2083333333333335,1.7416666666666667,4.95,0.64,0.3780487804878049,False,West,9.434367679032263
223,"johnson,chris_b",mem,SF,8,101,11,25,6,18,1,2,5,11,2,4,3,0,5,0,29,0,0,0,False,2.28125,1.0625,3.71875,0.44,0.6829268292682927,True,West,7.868330521171653
224,"johnson,ivan",atl,PG,69,1035,185,356,1,13,81,131,76,266,46,56,71,14,131,1,452,4,0,0,False,4.300724637681159,3.0217391304347827,7.329710144927536,0.5196629213483146,0.5365853658536586,True,East,9.373592651462864
225,"johnson,james",sac,PF,54,879,117,283,2,21,40,67,49,145,58,41,68,50,99,0,276,2,0,0,False,2.425925925925926,2.736111111111111,5.180555555555555,0.4134275618374558,0.34146341463414637,False,West,9.045044577046296
226,"johnson,joe",bro,SG,72,2644,445,1053,148,395,132,161,53,218,253,49,123,14,99,0,1170,1,0,0,False,10.583333333333334,2.6493055555555554,14.260416666666666,0.4226020892687559,0.5975609756097561,True,East,7.372905509285736
227,"johnson,orlando",ind,SG,51,618,72,180,36,94,23,32,20,110,47,10,29,9,51,0,203,0,0,0,False,2.607843137254902,1.6862745098039216,4.647058823529412,0.4,0.6049382716049383,True,East,7.941965146521223
228,"johnson,wesley",pho,SF,50,952,161,396,50,155,27,35,21,123,34,22,48,18,56,0,399,0,0,0,False,3.27,2.39,6.16,0.4065656565656566,0.3048780487804878,False,West,8.591637200743854
229,"johnson-odom,dar",lal,PG,4,6,0,4,0,1,0,0,1,4,1,0,0,0,0,0,0,0,0,0,False,-0.4375,0.75,0.3125,0.0,0.5487804878048781,True,West,9.715671991668788
230,"jones,dahntay",atl,SG,78,1018,82,222,11,49,87,113,24,101,47,22,38,6,119,0,262,1,0,0,False,1.8365384615384615,0.6538461538461539,2.5608974358974357,0.36936936936936937,0.5365853658536586,True,East,9.373592651462864
231,"jones,dequan",orl,SG,63,804,95,218,9,35,34,51,17,105,16,19,30,22,55,0,233,0,0,0,False,1.6031746031746033,1.6865079365079365,3.361111111111111,0.43577981651376146,0.24390243902439024,False,East,8.990122896788058
232,"jones,dominique",dal,SG,29,338,40,109,1,9,35,53,18,45,83,14,38,2,29,0,116,1,0,0,False,3.836206896551724,1.103448275862069,4.956896551724138,0.3669724770642202,0.5,False,West,7.22414437974375
233,"jones,james",mia,SF,38,219,21,61,16,53,2,4,0,22,13,2,3,6,16,0,60,0,0,0,False,0.8289473684210527,0.5921052631578947,1.631578947368421,0.3442622950819672,0.8048780487804879,True,East,9.155206533393118
234,"jones,kevin",cle,PF,32,335,43,107,0,0,9,15,38,78,10,9,8,5,25,0,95,0,0,0,False,2.140625,1.3671875,3.5078125,0.40186915887850466,0.2926829268292683,False,East,9.336726174747836
235,"jones,perry",okl,PF,38,284,39,99,0,2,10,15,12,62,10,5,15,6,23,0,88,0,0,0,False,0.8223684210526315,1.3355263157894737,2.1578947368421053,0.3939393939393939,0.7317073170731707,True,West,10.217112270408276
236,"jones,solomon",nyk,PF,2,26,0,1,0,0,0,0,1,3,0,0,3,1,3,0,0,0,0,0,False,-1.875,0.75,-1.125,0.0,0.6585365853658537,True,East,9.114170397767776
237,"jones,terrence",hou,PF,19,275,43,94,5,19,13,17,28,65,15,12,13,19,21,0,104,0,0,0,False,4.2894736842105265,3.1842105263157894,7.605263157894737,0.4574468085106383,0.5487804878048781,True,West,9.317289391862287
238,"jordan,deandre",lac,C,82,2006,314,488,0,0,96,249,210,594,28,48,100,112,192,1,724,10,0,0,False,7.115853658536586,5.609756097560975,12.725609756097562,0.6434426229508197,0.6829268292682927,True,West,9.273512256029685
239,"joseph,cory",san,PG,28,386,51,110,6,21,18,21,12,52,53,15,21,4,25,1,126,0,0,0,False,4.196428571428571,1.7946428571428572,6.098214285714286,0.4636363636363636,0.7073170731707317,True,West,10.413678534832565
240,"joseph,kris",bro,SF,10,54,2,14,0,3,5,8,1,7,1,3,2,0,3,0,9,0,0,0,False,-0.475,0.825,0.35,0.14285714285714285,0.5975609756097561,True,East,7.372905509285736
241,"kaman,chris",dal,C,66,1369,313,617,0,1,67,85,97,372,52,31,104,50,141,1,693,6,0,0,False,6.151515151515151,4.443181818181818,10.594696969696969,0.5072933549432739,0.5,False,West,7.22414437974375
242,"kanter,enes",uta,C,70,1079,207,380,1,1,93,117,135,304,31,28,101,33,116,0,508,3,0,0,False,5.25,2.557142857142857,7.814285714285714,0.5447368421052632,0.524390243902439,False,West,9.475166516805716
243,"kidd,jason",nyk,PG,76,2045,152,408,114,324,40,48,50,323,249,125,76,24,125,0,458,0,0,0,False,6.108552631578948,5.141447368421052,12.0,0.37254901960784315,0.6585365853658537,True,East,9.114170397767776
244,"kidd-gilchrist,m",cha,SF,78,2028,281,613,2,9,140,187,131,455,117,54,101,70,165,1,704,0,0,0,False,6.403846153846154,4.858974358974359,11.275641025641026,0.45840130505709625,0.25609756097560976,False,East,7.687773397807983
245,"kirilenko,andrei",min,SF,64,2037,284,560,35,120,188,250,102,362,178,96,119,62,82,2,791,0,0,0,False,10.30859375,6.265625,16.84765625,0.5071428571428571,0.3780487804878049,False,West,9.434367679032263
246,"kleiza,linas",tor,SF,20,375,48,144,20,66,32,38,10,52,16,4,14,2,45,1,148,4,0,0,False,2.875,1.325,4.7,0.3333333333333333,0.4146341463414634,False,East,8.772004257687824
247,"knight,brandon",det,PG,75,2364,357,878,120,327,165,225,53,246,303,58,205,8,157,0,999,0,0,0,False,8.313333333333333,2.6,11.713333333333333,0.40660592255125283,0.35365853658536583,False,East,9.268277409977985
248,"korver,kyle",atl,SG,74,2259,277,601,189,414,67,78,23,293,146,70,70,37,170,1,810,0,0,0,False,8.087837837837839,4.1824324324324325,13.547297297297296,0.46089850249584025,0.5365853658536586,True,East,9.373592651462864
249,"koufos,kosta",den,C,81,1816,295,508,0,1,58,104,211,562,32,44,53,103,246,4,648,1,0,0,False,7.354938271604938,4.765432098765432,12.12037037037037,0.5807086614173228,0.6951219512195121,True,West,9.964874605759482
250,"kravtsov,viaches",det,C,25,224,33,46,0,0,11,37,24,45,9,5,14,9,32,0,77,0,0,0,False,2.75,0.81,3.56,0.717391304347826,0.35365853658536583,False,East,9.268277409977985
251,"lamb,doron",orl,SG,47,577,60,163,14,37,20,34,8,46,32,13,26,0,52,0,154,0,0,0,False,1.2659574468085106,0.601063829787234,2.015957446808511,0.36809815950920244,0.24390243902439024,False,East,8.990122896788058
252,"lamb,jeremy",okl,SG,23,147,24,68,9,30,14,14,5,18,5,2,6,2,13,0,71,0,0,0,False,1.3369565217391304,0.4782608695652174,2.010869565217391,0.35294117647058826,0.7317073170731707,True,West,10.217112270408276
253,"landry,carl",gsw,PF,81,1880,325,602,1,3,223,273,180,483,66,35,115,31,190,0,874,2,0,0,False,8.503086419753087,3.490740740740741,12.0,0.5398671096345515,0.573170731707317,True,West,10.02844115487407
254,"lawson,ty",den,PG,73,2514,448,971,85,232,235,311,36,198,500,108,182,8,135,0,1216,0,0,0,False,14.91095890410959,3.2534246575342465,18.746575342465754,0.46138002059732236,0.6951219512195121,True,West,9.964874605759482
255,"lee,courtney",bos,SG,78,1943,246,530,58,156,62,72,31,190,143,89,84,21,139,0,612,1,0,0,False,5.471153846153846,2.842948717948718,8.685897435897436,0.4641509433962264,0.5061728395061729,True,East,8.969970641308294
256,"lee,david",gsw,PF,79,2906,602,1160,0,4,255,320,217,885,279,67,207,22,246,1,1459,4,0,0,False,14.829113924050633,8.237341772151899,23.06645569620253,0.5189655172413793,0.573170731707317,True,West,10.02844115487407
257,"lee,malcolm",min,SG,16,289,29,76,8,24,12,20,15,39,19,12,10,6,30,1,78,0,0,0,False,3.328125,1.875,5.453125,0.3815789473684211,0.3780487804878049,False,West,9.434367679032263
258,"leonard,kawhi",san,SF,58,1813,260,526,65,174,104,126,63,346,93,97,62,32,99,0,689,0,0,0,False,8.857758620689655,6.668103448275862,16.086206896551722,0.49429657794676807,0.7073170731707317,True,West,10.413678534832565
259,"leonard,meyers",por,C,69,1205,151,277,3,7,72,89,80,255,33,11,49,38,168,0,377,1,0,0,False,4.369565217391305,2.068840579710145,6.4601449275362315,0.5451263537906137,0.4024390243902439,False,West,8.428839113547205
260,"leuer,jon",mem,C,28,191,25,52,0,3,6,13,13,37,8,6,8,0,21,0,56,0,0,0,False,1.375,0.75,2.125,0.4807692307692308,0.6829268292682927,True,West,7.868330521171653
261,"lewis,rashard",mia,PF,55,789,103,249,51,131,28,45,19,121,30,21,33,14,67,0,285,1,0,0,False,2.631818181818182,1.9772727272727273,5.072727272727272,0.41365461847389556,0.8048780487804879,True,East,9.155206533393118
262,"liggins,deandre",okl,SG,39,290,21,47,7,19,9,18,13,53,15,18,14,3,33,0,58,2,0,0,False,1.0192307692307692,1.2564102564102564,2.3653846153846154,0.44680851063829785,0.7317073170731707,True,West,10.217112270408276
263,"lillard,damian",por,PG,82,3167,554,1289,185,503,274,324,42,257,531,74,243,19,172,0,1567,1,0,0,False,14.731707317073171,2.932926829268293,18.79268292682927,0.42979053529868116,0.4024390243902439,False,West,8.428839113547205
264,"lin,jeremy",hou,PG,82,2641,396,897,87,257,216,275,32,247,497,132,236,29,205,2,1095,1,0,0,False,11.240853658536585,3.7378048780487805,15.509146341463415,0.4414715719063545,0.5487804878048781,True,West,9.317289391862287
265,"livingston,shaun",cle,PG,66,1453,166,346,0,4,85,98,31,158,215,48,76,31,127,3,417,2,0,0,False,6.5643939393939394,2.340909090909091,8.905303030303031,0.4797687861271676,0.2926829268292683,False,East,9.336726174747836
266,"lopez,brook",bro,C,74,2254,570,1095,0,1,297,392,209,513,70,33,131,154,152,0,1437,0,0,0,False,13.47635135135135,5.719594594594595,19.195945945945947,0.5205479452054794,0.5975609756097561,True,East,7.372905509285736
267,"lopez,robin",nor,C,82,2136,384,719,0,0,161,207,226,462,64,32,110,128,167,1,929,0,0,0,False,9.018292682926829,3.908536585365854,12.926829268292684,0.5340751043115438,0.32926829268292684,False,West,7.753902368454686
268,"love,kevin",min,PF,18,619,105,298,20,92,100,142,64,252,42,13,39,9,34,0,330,4,0,0,False,9.98611111111111,10.902777777777779,21.444444444444443,0.3523489932885906,0.3780487804878049,False,West,9.434367679032263
269,"lowry,kyle",tor,PG,68,2023,250,623,101,279,190,239,56,321,435,94,157,24,218,1,791,7,0,0,False,11.617647058823529,4.375,16.735294117647058,0.4012841091492777,0.4146341463414634,False,East,8.772004257687824
270,"lucas,john",tor,PG,63,828,129,334,57,151,18,25,8,65,105,23,26,1,50,0,333,2,0,0,False,3.638888888888889,0.9801587301587301,5.071428571428571,0.38622754491017963,0.4146341463414634,False,East,8.772004257687824
271,"machado,scott",hou,PG,6,22,3,6,0,1,2,2,0,1,6,2,8,0,0,0,8,0,0,0,False,0.4166666666666667,0.5833333333333334,1.0,0.5,0.5487804878048781,True,West,9.317289391862287
272,"mack,shelvin",atl,PG,31,421,58,126,18,49,9,16,3,40,68,15,34,0,39,0,143,0,0,0,False,3.774193548387097,1.1693548387096775,5.233870967741935,0.4603174603174603,0.5365853658536586,True,East,9.373592651462864
273,"maggette,corey",det,SG,18,256,27,76,5,21,36,48,5,25,19,6,17,2,42,1,95,0,0,0,False,2.638888888888889,0.4722222222222222,3.25,0.35526315789473684,0.35365853658536583,False,East,9.268277409977985
274,"mahinmi,ian",ind,C,80,1322,148,328,0,2,104,171,115,311,27,39,92,66,201,0,400,1,0,0,False,2.740625,2.628125,5.36875,0.45121951219512196,0.6049382716049383,True,East,7.941965146521223
275,"marion,shawn",dal,SF,67,2007,355,690,23,73,79,101,146,525,161,74,103,46,111,0,812,0,0,0,False,10.216417910447761,6.895522388059701,17.28358208955224,0.5144927536231884,0.5,False,West,7.22414437974375
276,"marshall,kendall",pho,PG,48,705,56,151,23,73,8,14,4,42,143,22,57,4,48,0,143,0,0,0,False,3.2604166666666665,0.9479166666666666,4.447916666666667,0.3708609271523179,0.3048780487804878,False,West,8.591637200743854
277,"martin,cartier",was,SF,41,693,96,252,58,146,20,28,11,100,20,19,32,7,58,0,270,0,0,0,False,2.5853658536585367,2.2134146341463414,5.5060975609756095,0.38095238095238093,0.35365853658536583,False,East,9.332385521587389
278,"martin,kenyon",nyk,PF,18,430,56,93,0,0,17,40,34,94,8,16,16,17,64,1,129,1,0,0,False,5.75,3.611111111111111,9.36111111111111,0.6021505376344086,0.6585365853658537,True,East,9.114170397767776
279,"martin,kevin",okl,SG,77,2138,350,778,158,371,219,246,31,178,106,72,101,8,138,1,1077,2,0,0,False,8.71103896103896,2.2857142857142856,12.022727272727273,0.4498714652956298,0.7317073170731707,True,West,10.217112270408276
280,"mason,roger",nor,SG,69,1222,132,305,66,159,39,43,11,132,75,26,51,11,104,0,369,0,0,0,False,3.4057971014492754,1.6304347826086956,5.5144927536231885,0.43278688524590164,0.32926829268292684,False,West,7.753902368454686
281,"matthews,wesley",por,SG,69,2402,352,808,169,425,149,187,35,191,174,90,109,18,172,0,1022,6,0,0,False,9.52536231884058,2.9057971014492754,13.655797101449275,0.43564356435643564,0.4024390243902439,False,West,8.428839113547205
282,"maxiell,jason",det,PF,72,1791,204,457,0,0,90,145,135,409,54,32,81,95,172,0,498,1,0,0,False,4.413194444444445,4.486111111111111,8.899305555555555,0.44638949671772427,0.35365853658536583,False,East,9.268277409977985
283,"maynor,eric",por,PG,64,962,106,281,34,96,42,59,9,46,182,22,79,1,55,0,288,0,0,0,False,3.78515625,0.59375,4.64453125,0.37722419928825623,0.4024390243902439,False,West,8.428839113547205
284,"mayo,o.j.",dal,SG,82,2917,461,1026,142,349,191,233,36,291,361,93,209,23,195,1,1255,6,0,0,False,10.841463414634147,3.6189024390243905,15.326219512195122,0.449317738791423,0.5,False,West,7.22414437974375
285,"mbah_a_moute,luc",mil,SF,58,1328,151,377,13,37,72,126,89,256,55,42,70,14,82,0,387,0,0,0,False,3.521551724137931,3.3189655172413794,6.952586206896552,0.4005305039787798,0.4634146341463415,True,East,9.504776776471017
286,"mcgee,javale",den,C,79,1437,302,526,1,1,110,186,158,381,25,30,90,156,184,1,715,2,0,0,False,6.680379746835443,4.1075949367088604,10.794303797468354,0.5741444866920152,0.6951219512195121,True,West,9.964874605759482
287,"mcguire,dominic",ind,PF,26,388,24,56,0,0,3,10,19,78,20,13,12,11,39,0,51,0,0,0,False,1.7115384615384615,2.5673076923076925,4.278846153846154,0.42857142857142855,0.6049382716049383,True,East,7.941965146521223
288,"mcroberts,josh",cha,PF,67,1491,156,343,24,84,65,85,93,325,140,32,66,27,131,2,401,5,0,0,False,5.7388059701492535,3.485074626865672,9.402985074626866,0.45481049562682213,0.25609756097560976,False,East,7.687773397807983
289,"meeks,jodie",lal,SG,78,1660,205,530,122,342,86,96,37,171,69,58,52,5,103,0,618,0,0,0,False,4.439102564102564,2.051282051282051,7.272435897435898,0.3867924528301887,0.5487804878048781,True,West,9.715671991668788
290,"melo,fab",bos,C,6,37,3,6,0,0,1,4,0,3,0,2,1,2,7,0,7,0,0,0,False,0.20833333333333334,0.6666666666666666,0.875,0.5,0.5061728395061729,True,East,8.969970641308294
291,"middleton,khris",det,SF,27,477,62,141,14,45,27,32,4,50,28,15,11,4,53,0,165,0,0,0,False,4.027777777777778,1.5648148148148149,5.851851851851852,0.4397163120567376,0.35365853658536583,False,East,9.268277409977985
292,"miles,c.j.",cle,SG,65,1363,255,614,126,328,93,107,24,174,63,49,69,17,138,1,729,0,0,0,False,5.838461538461538,2.45,9.257692307692308,0.4153094462540717,0.2926829268292683,False,East,9.336726174747836
293,"milicic,darko",bos,C,1,5,0,1,0,0,0,0,0,1,0,0,2,0,1,0,0,0,0,0,False,-3.5,0.5,-3.0,0.0,0.5061728395061729,True,East,8.969970641308294
294,"miller,andre",den,PG,82,2155,304,633,17,64,163,194,60,238,484,72,172,11,159,0,788,2,0,0,False,10.871951219512194,2.432926829268293,13.408536585365853,0.4802527646129542,0.6951219512195121,True,West,9.964874605759482
295,"miller,darius",nor,SF,52,692,44,108,22,56,8,8,8,78,44,17,23,12,89,0,118,0,0,0,False,1.6971153846153846,1.1298076923076923,3.0384615384615383,0.4074074074074074,0.32926829268292684,False,West,7.753902368454686
296,"miller,mike",mia,SF,59,899,100,231,73,175,8,11,18,157,99,21,35,4,63,0,281,1,0,0,False,4.161016949152542,2.3347457627118646,7.114406779661017,0.4329004329004329,0.8048780487804879,True,East,9.155206533393118
297,"miller,quincy",den,SF,7,26,4,12,0,1,1,2,1,2,3,1,1,0,3,0,9,0,0,0,False,0.5714285714285714,0.10714285714285714,0.6785714285714286,0.3333333333333333,0.6951219512195121,True,West,9.964874605759482
298,"mills,patrick",san,PG,58,653,113,241,52,130,16,19,9,50,62,26,39,4,55,0,294,0,0,0,False,3.4870689655172415,0.8620689655172413,4.797413793103448,0.46887966804979253,0.7073170731707317,True,West,10.413678534832565
299,"millsap,paul",uta,PF,78,2374,429,875,13,39,264,356,177,554,201,102,138,81,232,1,1135,6,0,0,False,11.445512820512821,6.019230769230769,17.548076923076923,0.49028571428571427,0.524390243902439,False,West,9.475166516805716
300,"mohammed,nazr",chi,C,63,697,66,180,0,2,34,47,73,195,26,21,24,31,97,0,166,3,0,0,False,1.873015873015873,2.0753968253968256,3.9484126984126986,0.36666666666666664,0.5487804878048781,True,East,9.053863125412617
301,"monroe,greg",det,C,81,2686,514,1058,0,4,270,392,236,777,280,105,234,55,190,0,1298,3,0,0,False,12.141975308641975,7.805555555555555,19.94753086419753,0.48582230623818523,0.35365853658536583,False,East,9.268277409977985
302,"moore,e'twaun",orl,PG,75,1682,237,598,67,197,47,59,48,167,205,51,105,23,122,0,588,0,0,0,False,5.253333333333333,1.93,7.63,0.3963210702341137,0.24390243902439024,False,East,8.990122896788058
303,"morris,darius",lal,PG,48,688,73,188,24,66,24,37,24,57,76,21,45,2,58,0,194,1,0,0,False,2.796875,0.671875,3.71875,0.3882978723404255,0.5487804878048781,True,West,9.715671991668788
304,"morris,marcus",pho,PF,77,1523,222,526,86,233,66,117,80,277,62,45,77,20,160,1,596,4,0,0,False,4.204545454545454,2.50974025974026,7.2727272727272725,0.4220532319391635,0.3048780487804878,False,West,8.591637200743854
305,"morris,markieff",pho,PF,82,1842,266,653,45,134,93,127,131,396,108,77,104,64,209,3,670,5,0,0,False,4.841463414634147,3.9115853658536586,9.027439024390244,0.40735068912710565,0.3048780487804878,False,West,8.591637200743854
306,"morrow,anthony",dal,SG,41,388,64,145,16,43,20,22,11,30,13,13,8,1,43,0,164,1,0,0,False,2.3963414634146343,0.3597560975609756,2.951219512195122,0.4413793103448276,0.5,False,West,7.22414437974375
307,"motiejunas,donat",hou,PF,44,538,97,213,24,83,32,51,36,93,30,6,37,10,73,0,250,0,0,0,False,3.4488636363636362,0.8636363636363636,4.5852272727272725,0.45539906103286387,0.5487804878048781,True,West,9.317289391862287
308,"moultrie,arnett",phi,PF,47,545,78,134,0,0,18,28,76,145,10,17,19,10,43,0,174,0,0,0,False,3.7819148936170213,1.675531914893617,5.457446808510638,0.582089552238806,0.4146341463414634,False,East,9.049519275090113
309,"mozgov,timofey",den,C,41,367,44,87,0,2,20,26,50,107,9,6,25,18,57,1,108,0,0,0,False,2.2439024390243905,1.3170731707317074,3.5609756097560976,0.5057471264367817,0.6951219512195121,True,West,9.964874605759482
310,"mullens,byron",cha,PF,53,1429,217,563,66,208,64,99,71,337,81,34,74,32,110,0,564,0,0,0,False,5.287735849056604,5.386792452830188,11.297169811320755,0.38543516873889877,0.25609756097560976,False,East,7.687773397807983
311,"murphy,kevin",uta,SG,17,52,7,28,1,5,0,0,0,4,2,1,3,0,4,0,15,0,0,0,False,-0.4264705882352941,0.19117647058823528,-0.20588235294117646,0.25,0.524390243902439,False,West,9.475166516805716
312,"murphy,troy",dal,PF,14,256,22,61,11,35,10,11,7,49,7,10,7,6,29,0,65,1,0,0,False,2.25,3.2857142857142856,5.928571428571429,0.36065573770491804,0.5,False,West,7.22414437974375
313,"nash,steve",lal,PG,50,1631,236,475,57,130,107,116,26,142,333,30,126,5,70,0,636,1,0,0,False,13.525,2.47,16.565,0.4968421052631579,0.5487804878048781,True,West,9.715671991668788
314,"neal,gary",san,SG,68,1485,246,597,89,251,64,74,13,143,129,30,69,2,93,0,645,0,0,0,False,5.544117647058823,1.8088235294117647,8.007352941176471,0.4120603015075377,0.7073170731707317,True,West,10.413678534832565
315,"nelson,jameer",orl,PG,56,1975,306,780,121,355,89,102,23,209,413,71,154,6,161,1,822,3,0,0,False,12.236607142857142,3.575892857142857,16.892857142857142,0.3923076923076923,0.24390243902439024,False,East,8.990122896788058
316,"nicholson,andrew",orl,PF,75,1255,256,486,0,0,75,94,69,258,44,24,79,32,133,2,587,0,0,0,False,4.97,2.46,7.43,0.5267489711934157,0.24390243902439024,False,East,8.990122896788058
317,"noah,joakim",chi,C,66,2422,303,630,0,5,178,237,260,733,262,78,176,141,185,2,784,10,0,0,False,11.893939393939394,9.378787878787879,21.272727272727273,0.48095238095238096,0.5487804878048781,True,East,9.053863125412617
318,"novak,steve",nyk,PF,81,1643,178,430,149,351,30,33,17,152,35,28,12,8,97,0,535,0,0,0,False,4.040123456790123,1.5987654320987654,6.558641975308642,0.413953488372093,0.6585365853658537,True,East,9.114170397767776
319,"nowitzki,dirk",dal,PF,53,1662,343,728,65,157,166,193,37,363,132,37,70,35,93,0,917,7,0,0,False,11.81132075471698,6.806603773584905,19.2311320754717,0.47115384615384615,0.5,False,West,7.22414437974375
320,"o'neal,jermaine",pho,C,55,1030,179,371,0,0,96,115,82,293,42,19,73,78,126,0,454,12,0,0,False,5.159090909090909,4.540909090909091,9.7,0.48247978436657685,0.3048780487804878,False,West,8.591637200743854
321,"o'quinn,kyle",orl,PF,57,636,101,197,0,1,30,45,65,209,52,11,37,26,107,2,232,1,0,0,False,3.706140350877193,2.2850877192982457,5.991228070175438,0.5126903553299492,0.24390243902439024,False,East,8.990122896788058
322,"odom,lamar",lac,PF,82,1616,146,366,18,90,20,42,117,480,142,69,86,58,214,1,330,6,0,0,False,3.4146341463414633,4.8810975609756095,8.40548780487805,0.3989071038251366,0.6829268292682927,True,West,9.273512256029685
323,"ohlbrecht,tim",hou,C,3,12,1,3,0,0,1,1,0,1,1,1,4,0,1,0,3,0,0,0,False,-0.9166666666666666,0.5833333333333334,-0.3333333333333333,0.3333333333333333,0.5487804878048781,True,West,9.317289391862287
324,"okafor,emeka",was,C,79,2055,328,687,0,0,109,191,199,691,93,45,107,77,146,0,765,1,0,0,False,6.905063291139241,6.9905063291139244,13.895569620253164,0.4774381368267831,0.35365853658536583,False,East,9.332385521587389
325,"orton,daniel",okl,C,13,104,12,26,0,0,9,17,13,26,4,4,4,3,13,0,33,0,0,0,False,2.1538461538461537,1.1153846153846154,3.269230769230769,0.46153846153846156,0.7317073170731707,True,West,10.217112270408276
326,"outlaw,travis",sac,SF,38,447,74,177,14,50,38,52,17,61,21,11,19,8,35,0,200,0,0,0,False,2.8815789473684212,1.269736842105263,4.3355263157894735,0.4180790960451977,0.34146341463414637,False,West,9.045044577046296
327,"pachulia,zaza",atl,C,52,1133,114,241,0,3,78,103,132,336,79,35,70,12,128,1,306,4,0,0,False,5.8798076923076925,3.764423076923077,9.64423076923077,0.4730290456431535,0.5365853658536586,True,East,9.373592651462864
328,"pargo,jannero",cha,PG,32,509,78,212,39,116,12,13,10,35,67,18,41,3,42,0,207,0,0,0,False,3.59375,0.921875,5.125,0.36792452830188677,0.25609756097560976,False,East,7.687773397807983
329,"pargo,jeremy",phi,PG,39,660,99,250,25,74,42,62,8,49,92,13,50,2,46,0,265,2,0,0,False,4.166666666666667,0.9294871794871795,5.416666666666667,0.396,0.4146341463414634,False,East,9.049519275090113
330,"parker,tony",san,PG,66,2181,519,995,24,69,279,330,18,198,499,54,170,6,92,0,1341,2,0,0,False,19.193181818181817,3.143939393939394,22.518939393939394,0.521608040201005,0.7073170731707317,True,West,10.413678534832565
331,"parsons,chandler",hou,SF,76,2757,457,940,152,395,113,155,79,404,269,75,147,32,148,0,1179,0,0,0,False,11.927631578947368,4.957236842105263,17.88486842105263,0.48617021276595745,0.5487804878048781,True,West,9.317289391862287
332,"patterson,patric",sac,PF,71,1777,319,623,51,132,48,63,113,337,80,31,61,40,138,0,737,0,0,0,False,7.919014084507042,3.2922535211267605,11.570422535211268,0.5120385232744783,0.34146341463414637,False,West,9.045044577046296
333,"paul,chris",lac,PG,70,2335,412,856,76,232,286,323,53,262,678,169,159,10,143,1,1186,6,0,0,False,20.275,5.125,25.942857142857143,0.48130841121495327,0.6829268292682927,True,West,9.273512256029685
334,"pavlovic,sasha",por,SF,39,526,42,119,18,60,1,6,7,56,32,24,14,5,59,0,103,0,0,0,False,1.358974358974359,1.3974358974358974,2.9871794871794872,0.35294117647058826,0.4024390243902439,False,West,8.428839113547205
335,"pekovic,nikola",min,C,62,1959,385,742,0,1,241,324,230,545,53,43,101,50,143,0,1011,1,0,0,False,12.60483870967742,5.600806451612903,18.205645161290324,0.5188679245283019,0.3780487804878049,False,West,9.434367679032263
336,"pendergraph,jeff",ind,PF,37,373,61,126,2,4,21,23,29,104,15,6,23,12,44,0,145,3,0,0,False,2.5675675675675675,1.9594594594594594,4.554054054054054,0.48412698412698413,0.6049382716049383,True,East,7.941965146521223
337,"perkins,kendrick",okl,C,78,1955,144,314,0,1,44,72,111,467,111,43,109,83,227,2,332,13,0,0,False,3.1858974358974357,4.862179487179487,8.048076923076923,0.4585987261146497,0.7317073170731707,True,West,10.217112270408276
338,"petro,johan",atl,C,31,352,48,110,1,4,11,12,33,112,16,10,24,9,48,0,108,0,0,0,False,2.2096774193548385,2.467741935483871,4.693548387096774,0.43636363636363634,0.5365853658536586,True,East,9.373592651462864
339,"pierce,paul",bos,SF,77,2577,476,1092,145,382,333,423,45,487,370,84,214,30,210,2,1430,1,0,0,False,13.090909090909092,6.12987012987013,20.162337662337663,0.4358974358974359,0.5061728395061729,True,East,8.969970641308294
340,"pietrus,mickael",tor,SF,19,388,34,98,20,64,12,18,5,36,9,12,16,6,33,0,100,0,0,0,False,1.5394736842105263,1.868421052631579,3.9342105263157894,0.3469387755102041,0.4146341463414634,False,East,8.772004257687824
341,"pittman,dexter",mem,C,11,32,4,11,0,0,0,3,7,12,0,0,3,0,8,0,8,0,0,0,False,0.25,0.09090909090909091,0.3409090909090909,0.36363636363636365,0.6829268292682927,True,West,7.868330521171653
342,"plumlee,miles",ind,PF,14,54,5,21,0,0,3,4,12,22,2,0,3,3,5,0,13,0,0,0,False,0.5178571428571429,0.75,1.2678571428571428,0.23809523809523808,0.6049382716049383,True,East,7.941965146521223
343,"pondexter,quincy",mem,SG,59,1242,128,299,60,152,59,75,43,132,61,35,42,6,95,0,375,4,0,0,False,4.385593220338983,1.5466101694915255,6.440677966101695,0.4280936454849498,0.6829268292682927,True,West,7.868330521171653
344,"price,a.j.",was,PG,57,1276,161,413,70,200,49,62,20,114,205,33,64,3,73,0,441,0,0,0,False,6.644736842105263,1.7850877192982457,9.043859649122806,0.3898305084745763,0.35365853658536583,False,East,9.332385521587389
345,"price,ronnie",por,PG,39,510,39,120,10,39,17,24,13,44,73,26,34,3,61,1,105,0,0,0,False,2.108974358974359,0.9230769230769231,3.16025641025641,0.325,0.4024390243902439,False,West,8.428839113547205
346,"prigioni,pablo",nyk,PG,78,1265,100,220,53,134,22,25,41,143,236,69,86,2,127,1,275,1,0,0,False,4.884615384615385,1.625,6.8493589743589745,0.45454545454545453,0.6585365853658537,True,East,9.114170397767776
347,"prince,tayshaun",mem,SF,82,2630,359,820,38,94,96,130,72,364,197,48,89,25,86,0,852,0,0,0,False,7.085365853658536,4.073170731707317,11.390243902439025,0.4378048780487805,0.6829268292682927,True,West,7.868330521171653
348,"przybilla,joel",mil,C,12,70,1,4,0,0,0,2,5,21,4,1,4,2,10,0,2,2,0,0,False,0.08333333333333333,1.1875,1.2708333333333333,0.25,0.4634146341463415,True,East,9.504776776471017
349,"quinn,chris",cle,PG,7,79,4,16,0,5,2,2,1,2,9,3,6,0,4,0,10,0,0,0,False,0.39285714285714285,0.39285714285714285,0.7857142857142857,0.25,0.2926829268292683,False,East,9.336726174747836
350,"radmanovic,vladi",chi,PF,25,146,13,43,5,27,2,3,10,28,8,8,7,4,29,0,33,0,0,0,False,0.55,0.7,1.35,0.3023255813953488,0.5487804878048781,True,East,9.053863125412617
351,"randolph,anthony",den,PF,39,328,56,114,0,8,31,45,29,95,12,19,37,21,41,0,143,0,0,0,False,1.9423076923076923,2.3141025641025643,4.256410256410256,0.49122807017543857,0.6951219512195121,True,West,9.964874605759482
352,"randolph,shavlik",bos,PF,16,199,28,48,0,0,11,27,28,70,4,8,10,7,38,1,67,0,0,0,False,3.71875,2.5,6.21875,0.5833333333333334,0.5061728395061729,True,East,8.969970641308294
353,"randolph,zach",mem,PF,76,2603,471,1024,2,23,225,300,310,854,109,61,150,31,180,0,1169,5,0,0,False,10.950657894736842,7.384868421052632,18.348684210526315,0.4599609375,0.6829268292682927,True,West,7.868330521171653
354,"redick,j.j.",mil,PG,78,2382,382,880,165,451,171,190,17,171,296,38,138,9,117,0,1100,3,0,0,False,10.307692307692308,1.9487179487179487,13.314102564102564,0.4340909090909091,0.4634146341463415,True,East,9.504776776471017
355,"richardson,jason",phi,SG,33,939,135,336,57,167,20,33,19,127,51,40,26,15,57,0,347,0,0,0,False,5.75,4.378787878787879,10.992424242424242,0.4017857142857143,0.4146341463414634,False,East,9.049519275090113
356,"richardson,quent",nyk,SF,1,29,1,11,1,4,2,2,5,10,1,0,2,0,1,0,5,0,0,0,False,-1.25,4.5,3.75,0.09090909090909091,0.6585365853658537,True,East,9.114170397767776
357,"ridnour,luke",min,PG,82,2474,367,811,66,212,139,164,41,206,311,82,130,15,187,1,939,5,0,0,False,9.082317073170731,2.3048780487804876,11.789634146341463,0.4525277435265105,0.3780487804878049,False,West,9.434367679032263
358,"rivers,austin",nor,SG,61,1416,145,390,28,86,59,108,16,109,127,26,74,9,122,0,377,0,0,0,False,3.110655737704918,1.2049180327868851,4.545081967213115,0.3717948717948718,0.32926829268292684,False,West,7.753902368454686
359,"roberts,brian",nor,PG,77,1329,213,511,59,153,70,77,17,97,219,37,71,3,108,0,555,0,0,0,False,5.915584415584416,0.9772727272727273,7.275974025974026,0.41682974559686886,0.32926829268292684,False,West,7.753902368454686
360,"robinson,nate",chi,PG,82,2087,399,921,141,348,135,169,29,184,358,85,144,10,207,0,1074,11,0,0,False,10.00609756097561,2.0457317073170733,12.911585365853659,0.43322475570032576,0.5487804878048781,True,East,9.053863125412617
361,"robinson,thomas",hou,PF,70,1058,138,320,0,1,57,109,122,315,46,40,89,26,124,0,333,2,0,0,False,2.732142857142857,2.9571428571428573,5.689285714285714,0.43125,0.5487804878048781,True,West,9.317289391862287
362,"rondo,rajon",bos,PG,38,1422,225,465,12,50,60,93,43,212,419,70,148,9,96,1,522,3,0,0,False,16.95394736842105,5.723684210526316,22.835526315789473,0.4838709677419355,0.5061728395061729,True,East,8.969970641308294
363,"ross,terrence",tor,SG,73,1240,186,458,65,197,30,42,35,144,53,43,48,14,122,0,467,0,0,0,False,3.154109589041096,1.5856164383561644,5.184931506849315,0.40611353711790393,0.4146341463414634,False,East,8.772004257687824
364,"roy,brandon",min,SG,5,122,11,35,0,9,7,10,3,14,23,3,7,0,5,0,29,0,0,0,False,5.3,2.45,7.75,0.3142857142857143,0.3780487804878049,False,West,9.434367679032263
365,"rubio,ricky",min,PG,57,1690,185,514,27,92,211,264,43,228,417,137,172,5,143,0,608,3,0,0,False,10.50438596491228,5.083333333333333,15.824561403508772,0.35992217898832685,0.3780487804878049,False,West,9.434367679032263
366,"rush,brandon",gsw,SG,2,25,6,9,0,2,2,3,0,1,2,0,3,0,5,0,14,0,0,0,False,4.625,-0.75,3.875,0.6666666666666666,0.573170731707317,True,West,10.02844115487407
367,"sacre,robert",lal,C,32,203,18,48,0,0,7,11,9,34,6,0,10,10,38,1,43,0,0,0,False,0.46875,0.5,0.96875,0.375,0.5487804878048781,True,West,9.715671991668788
368,"salmons,john",sac,SG,76,2275,244,612,99,267,85,110,33,207,226,51,85,25,143,1,672,1,0,0,False,6.5756578947368425,2.5164473684210527,9.743421052631579,0.39869281045751637,0.34146341463414637,False,West,9.045044577046296
369,"samuels,samardo",cle,PF,18,196,22,60,0,1,14,24,10,28,8,3,6,3,30,0,58,0,0,0,False,1.5277777777777777,0.5416666666666666,2.0694444444444446,0.36666666666666664,0.2926829268292683,False,East,9.336726174747836
370,"sanders,larry",mil,PF,71,1938,306,605,0,2,84,136,224,672,83,53,87,199,233,3,696,9,0,0,False,8.183098591549296,8.404929577464788,16.588028169014084,0.5057851239669422,0.4634146341463415,True,East,9.504776776471017
371,"scola,luis",pho,PF,82,2185,432,914,3,16,181,230,158,541,182,67,127,35,257,6,1048,3,0,0,False,9.332317073170731,4.551829268292683,13.902439024390244,0.4726477024070022,0.3048780487804878,False,West,8.591637200743854
372,"scott,mike",atl,PF,40,377,70,147,0,1,43,56,39,110,12,4,21,2,32,0,183,0,0,0,False,3.18125,1.55,4.73125,0.47619047619047616,0.5365853658536586,True,East,9.373592651462864
373,"sefolosha,thabo",okl,SG,81,2234,224,466,108,258,57,69,58,317,125,103,64,44,177,0,613,2,0,0,False,6.138888888888889,4.237654320987654,11.04320987654321,0.48068669527896996,0.7317073170731707,True,West,10.217112270408276
374,"selby,josh",mem,PG,10,59,6,22,1,6,7,11,0,5,4,2,7,0,7,0,20,1,0,0,False,-0.275,0.4,0.175,0.2727272727272727,0.6829268292682927,True,West,7.868330521171653
375,"seraphin,kevin",was,PF,79,1723,330,716,0,0,61,88,107,346,57,24,130,59,211,1,721,1,0,0,False,4.256329113924051,2.8164556962025316,7.072784810126582,0.46089385474860334,0.35365853658536583,False,East,9.332385521587389
376,"sessions,ramon",cha,PG,61,1650,276,676,33,107,291,347,27,169,230,48,104,7,91,0,876,3,0,0,False,10.319672131147541,2.680327868852459,13.270491803278688,0.40828402366863903,0.25609756097560976,False,East,7.687773397807983
377,"shengelia,tornik",bro,SF,19,94,10,23,1,2,9,16,9,23,3,3,11,1,11,0,30,0,0,0,False,0.6578947368421053,0.6973684210526315,1.381578947368421,0.43478260869565216,0.5975609756097561,True,East,7.372905509285736
378,"shumpert,iman",nyk,SG,45,996,109,275,51,127,36,47,31,136,75,43,37,7,99,1,305,0,0,0,False,4.711111111111111,2.5833333333333335,7.861111111111111,0.39636363636363636,0.6585365853658537,True,East,9.114170397767776
379,"shved,alexey",min,SG,77,1839,236,635,85,288,109,151,41,175,284,54,147,27,117,0,666,2,0,0,False,5.925324675324675,2.207792207792208,8.685064935064934,0.3716535433070866,0.3780487804878049,False,West,9.434367679032263
380,"sims,henry",nor,C,2,5,2,3,0,0,0,0,2,2,0,0,1,0,1,0,4,0,0,0,False,1.875,-0.25,1.625,0.6666666666666666,0.32926829268292684,False,West,7.753902368454686
381,"singler,kyle",det,SF,82,2297,275,642,70,200,100,124,109,330,78,57,98,37,217,4,720,1,0,0,False,5.170731707317073,2.692073170731707,8.289634146341463,0.42834890965732086,0.35365853658536583,False,East,9.268277409977985
382,"singleton,chris",was,SF,57,927,92,241,7,36,40,70,51,184,37,38,45,24,124,1,231,2,0,0,False,1.8596491228070176,2.5,4.421052631578948,0.3817427385892116,0.35365853658536583,False,East,9.332385521587389
383,"sloan,donald",nor,PG,23,264,27,78,7,19,20,25,3,28,38,5,14,0,17,0,81,0,0,0,False,2.630434782608696,0.9891304347826086,3.7717391304347827,0.34615384615384615,0.32926829268292684,False,West,7.753902368454686
384,"smith,greg",hou,C,70,1109,170,274,0,1,81,130,111,321,26,18,41,40,175,1,421,0,0,0,False,5.496428571428571,2.642857142857143,8.139285714285714,0.6204379562043796,0.5487804878048781,True,West,9.317289391862287
385,"smith,ishmael",mil,PG,52,516,56,158,8,26,3,7,12,61,88,21,37,9,26,1,123,0,0,0,False,1.8221153846153846,1.3701923076923077,3.269230769230769,0.35443037974683544,0.4634146341463415,True,East,9.504776776471017
386,"smith,j.r.",nyk,SG,80,2678,527,1249,155,436,237,311,64,425,218,100,134,24,226,3,1446,13,0,0,False,10.5375,4.9625,16.46875,0.42193755004003203,0.6585365853658537,True,East,9.114170397767776
387,"smith,jason",nor,PF,51,875,167,341,0,4,86,102,64,186,34,15,55,45,123,0,420,1,0,0,False,5.387254901960785,2.4362745098039214,7.823529411764706,0.4897360703812317,0.32926829268292684,False,West,7.753902368454686
388,"smith,josh",atl,PF,76,2685,550,1182,61,201,166,321,133,639,322,94,226,136,175,1,1327,11,0,0,False,11.30921052631579,8.842105263157896,20.55263157894737,0.4653130287648054,0.5365853658536586,True,East,9.373592651462864
389,"smith,nolan",por,PG,40,288,42,114,6,28,20,28,7,27,35,7,29,1,26,0,110,0,0,0,False,1.2125,0.41875,1.70625,0.3684210526315789,0.4024390243902439,False,West,8.428839113547205
390,"speights,marrees",cle,PF,79,1295,260,584,3,10,135,175,146,386,47,24,79,53,175,0,658,2,0,0,False,5.291139240506329,2.981012658227848,8.291139240506329,0.4452054794520548,0.2926829268292683,False,East,9.336726174747836
391,"splitter,tiago",san,C,81,2004,315,563,0,2,208,285,144,515,130,63,100,64,161,2,838,0,0,0,False,9.049382716049383,5.348765432098766,14.398148148148149,0.5595026642984015,0.7073170731707317,True,West,10.413678534832565
392,"stackhouse,jerry",bro,SG,37,543,66,172,30,89,20,23,5,33,35,7,24,4,31,0,182,0,0,0,False,2.52027027027027,0.6824324324324325,3.608108108108108,0.38372093023255816,0.5975609756097561,True,East,7.372905509285736
393,"stephenson,lance",ind,SG,78,2277,275,599,62,188,75,115,48,305,223,82,109,16,162,1,687,7,0,0,False,6.75,3.7756410256410255,10.923076923076923,0.4590984974958264,0.6049382716049383,True,East,7.941965146521223
394,"stevenson,deshaw",atl,SG,56,1158,98,262,76,209,12,23,18,122,52,29,23,6,69,1,284,1,0,0,False,2.9955357142857144,1.9955357142857142,5.669642857142857,0.37404580152671757,0.5365853658536586,True,East,9.373592651462864
395,"stiemsma,greg",min,C,76,1212,127,278,0,0,53,69,62,262,31,44,59,90,184,3,307,3,0,0,False,2.263157894736842,3.3289473684210527,5.592105263157895,0.4568345323741007,0.3780487804878049,False,West,9.434367679032263
396,"stone,julyan",den,SG,4,27,2,2,0,0,3,4,2,3,2,1,2,0,4,0,7,0,0,0,False,2.125,0.0625,2.1875,1.0,0.6951219512195121,True,West,9.964874605759482
397,"stoudemire,amare",nyk,PF,29,684,154,267,0,0,105,130,60,145,13,10,50,21,89,0,413,4,0,0,False,10.25,2.5517241379310347,12.801724137931034,0.5767790262172284,0.6585365853658537,True,East,9.114170397767776
398,"stuckey,rodney",det,SG,76,2168,304,748,55,182,213,272,43,212,270,51,134,17,127,1,876,2,0,0,False,8.072368421052632,2.450657894736842,10.884868421052632,0.40641711229946526,0.35365853658536583,False,East,9.268277409977985
399,"sullinger,jared",bos,PF,45,889,111,225,1,5,47,63,92,264,35,22,29,22,154,8,270,1,0,0,False,5.477777777777778,3.2111111111111112,8.7,0.49333333333333335,0.5061728395061729,True,East,8.969970641308294
400,"summers,dajuan",lac,SF,2,7,1,4,0,0,0,0,0,2,1,0,0,0,0,0,2,0,0,0,False,0.125,1.0,1.125,0.25,0.6829268292682927,True,West,9.273512256029685
401,"taylor,jeffery",cha,SF,77,1510,172,399,53,154,75,103,51,150,63,47,48,15,136,1,472,2,0,0,False,3.8798701298701297,1.3603896103896105,5.584415584415584,0.43107769423558895,0.25609756097560976,False,East,7.687773397807983
402,"taylor,tyshawn",bro,PG,38,221,32,87,6,13,15,27,2,18,21,13,25,0,25,0,85,0,0,0,False,0.5526315789473685,0.5197368421052632,1.1513157894736843,0.367816091954023,0.5975609756097561,True,East,7.372905509285736
403,"teague,jeff",atl,PG,80,2630,439,974,89,248,199,226,25,180,579,117,230,28,181,1,1166,3,0,0,False,13.446875,2.984375,16.9875,0.45071868583162217,0.5365853658536586,True,East,9.373592651462864
404,"teague,marquis",chi,PG,48,400,43,113,4,23,9,16,3,44,63,9,35,7,47,0,99,1,0,0,False,1.3020833333333333,0.7447916666666666,2.0885416666666665,0.3805309734513274,0.5487804878048781,True,East,9.053863125412617
405,"teletovic,mirza",bro,PF,53,500,71,185,37,108,9,11,33,95,23,13,20,8,53,0,188,0,0,0,False,2.0707547169811322,1.1273584905660377,3.547169811320755,0.3837837837837838,0.5975609756097561,True,East,7.372905509285736
406,"telfair,sebastia",tor,PG,59,980,112,308,53,149,54,69,13,84,153,37,64,11,104,0,331,7,0,0,False,4.148305084745763,1.2923728813559323,5.889830508474576,0.36363636363636365,0.4146341463414634,False,East,8.772004257687824
407,"temple,garrett",was,SG,51,1159,105,258,26,80,26,37,29,123,115,50,61,17,94,1,262,0,0,0,False,3.9215686274509802,2.480392156862745,6.6568627450980395,0.4069767441860465,0.35365853658536583,False,East,9.332385521587389
408,"terry,jason",bos,PG,79,2123,281,648,123,331,114,131,19,159,199,66,102,11,110,0,799,4,0,0,False,7.0854430379746836,2.259493670886076,10.123417721518987,0.43364197530864196,0.5061728395061729,True,East,8.969970641308294
409,"thabeet,hasheem",okl,C,66,775,64,106,0,0,32,53,69,194,11,30,40,60,148,2,160,5,0,0,False,2.0492424242424243,2.25,4.299242424242424,0.6037735849056604,0.7317073170731707,True,West,10.217112270408276
410,"thomas,isaiah",sac,PG,79,2123,366,832,115,321,253,287,29,161,316,67,140,3,167,0,1100,4,0,0,False,10.91139240506329,1.7120253164556962,13.35126582278481,0.43990384615384615,0.34146341463414637,False,West,9.045044577046296
411,"thomas,kurt",nyk,PF,39,395,45,83,1,1,6,13,24,89,21,10,8,16,52,1,97,0,0,0,False,2.4551282051282053,1.7307692307692308,4.198717948717949,0.5421686746987951,0.6585365853658537,True,East,9.114170397767776
412,"thomas,lance",nor,SF,59,646,53,106,0,0,43,59,44,115,16,11,14,7,78,0,149,0,0,0,False,2.2796610169491527,0.8940677966101694,3.1737288135593222,0.5,0.32926829268292684,False,West,7.753902368454686
413,"thomas,malcolm",chi,PF,12,58,5,10,0,0,5,8,5,16,4,2,3,2,8,0,15,0,0,0,False,1.2291666666666667,0.9583333333333334,2.1875,0.5,0.5487804878048781,True,East,9.053863125412617
414,"thomas,tyrus",cha,PF,26,364,48,136,3,8,26,31,16,60,19,14,17,15,51,0,125,1,0,0,False,2.0,1.9615384615384615,4.019230769230769,0.35294117647058826,0.25609756097560976,False,East,7.687773397807983
415,"thompson,jason",sac,PF,82,2287,374,745,0,3,143,206,172,549,84,48,101,61,227,1,891,10,0,0,False,7.673780487804878,4.689024390243903,12.362804878048781,0.5020134228187919,0.34146341463414637,False,West,9.045044577046296
416,"thompson,klay",gsw,SG,82,2935,508,1205,211,525,132,157,32,306,184,86,157,44,237,3,1359,2,0,0,False,8.698170731707316,3.7439024390243905,13.728658536585366,0.4215767634854772,0.573170731707317,True,West,10.02844115487407
417,"thompson,tristan",cle,PF,82,2567,390,799,0,3,177,291,306,773,108,60,123,71,234,0,957,3,0,0,False,9.454268292682928,6.048780487804878,15.503048780487806,0.4881101376720901,0.2926829268292683,False,East,9.336726174747836
418,"thornton,marcus",sac,PG,72,1730,332,774,141,379,111,126,50,181,91,61,68,4,105,0,916,0,0,0,False,7.572916666666667,2.204861111111111,10.756944444444445,0.4289405684754522,0.34146341463414637,False,West,9.045044577046296
419,"tinsley,jamaal",uta,PG,66,1222,87,235,39,127,18,26,17,115,290,64,106,14,106,0,231,3,0,0,False,4.893939393939394,2.106060606060606,7.295454545454546,0.3702127659574468,0.524390243902439,False,West,9.475166516805716
420,"tolliver,anthony",atl,SF,62,964,82,216,45,133,44,51,31,155,32,15,36,12,66,0,253,0,0,0,False,2.282258064516129,1.9637096774193548,4.608870967741935,0.37962962962962965,0.5365853658536586,True,East,9.373592651462864
421,"tucker,p.j.",pho,SG,79,1912,210,444,22,70,64,86,132,350,109,62,67,19,145,1,506,6,0,0,False,5.563291139240507,3.0632911392405062,8.765822784810126,0.47297297297297297,0.3048780487804878,False,West,8.591637200743854
422,"turiaf,ronny",lac,C,65,705,49,97,0,0,23,63,45,152,35,19,29,35,80,0,121,3,0,0,False,1.5769230769230769,1.9346153846153846,3.5115384615384615,0.5051546391752577,0.6829268292682927,True,West,9.273512256029685
423,"turkoglu,hedo",orl,SF,11,189,14,53,1,24,3,6,4,26,23,7,12,1,11,0,32,0,0,0,False,0.8409090909090909,2.3863636363636362,3.272727272727273,0.2641509433962264,0.24390243902439024,False,East,8.990122896788058
424,"turner,evan",phi,SG,82,2891,441,1054,58,159,154,208,56,516,354,71,187,17,196,1,1094,5,0,0,False,8.704268292682928,5.704268292682927,14.762195121951219,0.41840607210626185,0.4146341463414634,False,East,9.049519275090113
425,"tyler,jeremy",atl,PF,21,72,9,24,0,0,4,6,6,20,1,1,6,2,10,0,22,0,0,0,False,0.27380952380952384,0.5833333333333334,0.8571428571428571,0.375,0.5365853658536586,True,East,9.373592651462864
426,"udoh,ekpe",mil,PF,76,1310,117,269,0,1,89,119,113,251,43,39,43,85,139,1,323,1,0,0,False,3.526315789473684,2.661184210526316,6.1875,0.4349442379182156,0.4634146341463415,True,East,9.504776776471017
427,"udrih,beno",orl,PG,66,1459,210,476,34,102,84,103,34,141,303,41,108,3,90,0,538,0,0,0,False,8.18560606060606,1.7613636363636365,10.204545454545455,0.4411764705882353,0.24390243902439024,False,East,8.990122896788058
428,"valanciunas,jona",tor,C,62,1482,204,367,0,1,146,185,121,372,46,16,94,78,188,2,554,2,0,0,False,6.943548387096774,4.112903225806452,11.056451612903226,0.555858310626703,0.4146341463414634,False,East,8.772004257687824
429,"varejao,anderson",cle,C,25,901,138,289,0,5,77,102,138,361,84,37,44,14,68,0,353,1,0,0,False,15.06,9.97,25.03,0.47750865051903113,0.2926829268292683,False,East,9.336726174747836
430,"varnado,jarvis",mia,PF,13,59,3,7,0,0,2,4,2,9,3,1,6,2,10,0,8,0,0,0,False,0.09615384615384616,0.40384615384615385,0.5,0.42857142857142855,0.8048780487804879,True,East,9.155206533393118
431,"vasquez,greivis",nor,PG,78,2685,439,1013,83,243,124,154,43,337,705,66,247,6,190,0,1085,3,0,0,False,14.211538461538462,3.6858974358974357,18.42948717948718,0.43336623889437315,0.32926829268292684,False,West,7.753902368454686
432,"vesely,jan",was,PF,51,604,57,114,0,1,12,39,43,122,28,15,27,16,107,0,126,1,0,0,False,1.9362745098039216,1.1813725490196079,3.1176470588235294,0.5,0.35365853658536583,False,East,9.332385521587389
433,"villanueva,charl",det,PF,69,1095,175,464,90,259,27,49,49,241,54,31,39,39,96,0,467,1,0,0,False,3.38768115942029,3.213768115942029,7.253623188405797,0.3771551724137931,0.35365853658536583,False,East,9.268277409977985
434,"vucevic,nikola",orl,C,77,2560,461,890,0,4,86,126,272,916,142,61,141,79,218,4,1008,1,0,0,False,10.795454545454545,8.964285714285714,19.75974025974026,0.5179775280898876,0.24390243902439024,False,East,8.990122896788058
435,"wade,dwyane",mia,SG,69,2390,569,1093,17,66,308,424,86,344,353,128,194,56,140,1,1463,5,0,0,False,16.82246376811594,5.855072463768116,22.80072463768116,0.5205855443732845,0.8048780487804879,True,East,9.155206533393118
436,"waiters,dion",cle,SG,61,1757,336,815,63,203,159,213,22,148,183,59,121,16,113,0,894,3,0,0,False,7.942622950819672,2.610655737704918,11.069672131147541,0.41226993865030676,0.2926829268292683,False,East,9.336726174747836
437,"walker,kemba",cha,PG,82,2857,526,1244,107,332,296,371,60,283,470,160,200,31,153,1,1455,4,0,0,False,13.329268292682928,4.603658536585366,18.585365853658537,0.4228295819935691,0.25609756097560976,False,East,7.687773397807983
438,"wall,john",was,PG,49,1604,324,735,12,45,246,306,35,197,372,64,157,37,117,1,906,5,0,0,False,15.58673469387755,4.5,20.209183673469386,0.44081632653061226,0.35365853658536583,False,East,9.332385521587389
439,"wallace,gerald",bro,SF,69,2077,182,458,46,163,121,190,69,319,181,97,110,46,118,0,531,3,0,0,False,5.438405797101449,5.192028985507246,10.96376811594203,0.39737991266375544,0.5975609756097561,True,East,7.372905509285736
440,"wallace,rasheed",nyk,C,21,296,55,142,22,69,14,20,11,83,6,13,10,15,40,1,146,3,0,0,False,2.8095238095238093,3.9642857142857144,7.2976190476190474,0.3873239436619718,0.6585365853658537,True,East,9.114170397767776
441,"walton,luke",cle,SF,50,855,71,181,20,67,10,20,38,145,166,42,60,13,98,0,172,2,0,0,False,4.51,2.47,7.18,0.39226519337016574,0.2926829268292683,False,East,9.336726174747836
442,"warrick,hakim",orl,SF,28,489,67,165,0,3,60,88,21,89,25,13,29,6,37,0,194,0,0,0,False,3.5,2.5625,6.0625,0.40606060606060607,0.24390243902439024,False,East,8.990122896788058
443,"watson,c.j.",bro,PG,80,1522,192,459,88,214,71,91,38,145,161,66,69,12,123,1,543,0,0,0,False,5.2375,1.75,7.5375,0.41830065359477125,0.5975609756097561,True,East,7.372905509285736
444,"watson,earl",uta,PG,48,827,37,120,5,28,17,25,23,87,191,40,69,8,94,0,96,0,0,0,False,3.84375,1.5625,5.458333333333333,0.30833333333333335,0.524390243902439,False,West,9.475166516805716
445,"wayns,maalik",lac,PG,27,202,25,87,7,31,17,18,1,7,27,6,15,0,26,0,74,0,0,0,False,1.0185185185185186,0.018518518518518517,1.1666666666666667,0.28735632183908044,0.6829268292682927,True,West,9.273512256029685
446,"webster,martell",was,SF,76,2198,281,636,139,329,168,198,53,294,143,50,90,17,165,0,869,0,0,0,False,8.134868421052632,3.1315789473684212,12.180921052631579,0.4418238993710692,0.35365853658536583,False,East,9.332385521587389
447,"west,david",ind,PF,73,2438,503,1010,4,19,242,315,145,562,212,75,157,69,149,0,1252,11,0,0,False,12.482876712328768,6.921232876712328,19.431506849315067,0.498019801980198,0.6049382716049383,True,East,7.941965146521223
448,"westbrook,russell",okl,PG,82,2864,673,1535,97,300,460,575,111,428,607,145,273,24,189,0,1903,15,0,0,False,18.25609756097561,5.216463414634147,24.0640243902439,0.43843648208469055,0.7317073170731707,True,West,10.217112270408276
449,"white,d.j.",bos,PF,12,86,12,23,0,0,5,9,4,13,4,1,2,6,5,0,29,0,0,0,False,1.875,1.1458333333333333,3.0208333333333335,0.5217391304347826,0.5061728395061729,True,East,8.969970641308294
450,"white,james",nyk,SG,57,441,50,116,14,41,11,19,5,48,29,13,17,4,44,0,125,0,0,0,False,1.3157894736842106,0.7236842105263158,2.162280701754386,0.43103448275862066,0.6585365853658537,True,East,9.114170397767776
451,"wilcox,chris",bos,C,61,830,110,153,0,1,39,57,55,180,22,32,34,28,125,0,259,1,0,0,False,4.032786885245901,2.139344262295082,6.172131147540983,0.7189542483660131,0.5061728395061729,True,East,8.969970641308294
452,"wilkins,damien",phi,SG,60,1099,146,317,17,51,81,110,32,105,91,37,49,17,99,0,390,0,0,0,False,4.816666666666666,1.4458333333333333,6.404166666666667,0.4605678233438486,0.4146341463414634,False,East,9.049519275090113
453,"williams,deron",bro,PG,78,2842,495,1124,169,447,317,369,29,232,604,75,218,30,194,1,1476,2,0,0,False,17.057692307692307,2.9455128205128207,21.08653846153846,0.4403914590747331,0.5975609756097561,True,East,7.372905509285736
454,"williams,derrick",min,PF,78,1915,338,786,65,196,191,271,96,430,48,44,101,37,127,0,932,1,0,0,False,6.060897435897436,4.647435897435898,11.125,0.4300254452926209,0.3780487804878049,False,West,9.434367679032263
455,"williams,louis",atl,PG,39,1121,187,443,72,196,105,121,8,80,139,44,74,10,55,0,551,1,0,0,False,9.621794871794872,2.8076923076923075,13.352564102564102,0.4221218961625282,0.5365853658536586,True,East,9.373592651462864
456,"williams,marvin",uta,PF,73,1728,199,470,54,166,77,99,55,263,77,37,60,38,98,0,529,3,0,0,False,4.386986301369863,3.3321917808219177,8.08904109589041,0.42340425531914894,0.524390243902439,False,West,9.475166516805716
457,"williams,mo",uta,PG,46,1416,229,533,59,154,75,85,24,110,285,46,125,9,105,0,592,3,0,0,False,10.956521739130435,2.1739130434782608,13.771739130434783,0.42964352720450283,0.524390243902439,False,West,9.475166516805716
458,"williams,reggie",cha,SG,40,379,57,132,22,72,10,21,8,51,39,12,19,1,19,0,146,0,0,0,False,2.4625,1.2375,3.975,0.4318181818181818,0.25609756097560976,False,East,7.687773397807983
459,"williams,terrenc",bos,SG,24,319,48,97,5,15,9,22,4,44,38,11,22,2,13,0,110,0,0,0,False,3.2708333333333335,2.0520833333333335,5.427083333333333,0.4948453608247423,0.5061728395061729,True,East,8.969970641308294
460,"wright,brandan",dal,PF,64,1150,241,404,0,3,59,96,85,260,38,26,34,76,78,0,541,1,0,0,False,7.0078125,3.8203125,10.828125,0.5965346534653465,0.5,False,West,7.22414437974375
461,"wright,chris",dal,PG,3,5,1,2,0,0,0,0,0,0,0,0,1,0,0,0,2,0,0,0,False,-0.08333333333333333,0.0,-0.08333333333333333,0.5,0.5,False,West,7.22414437974375
462,"wright,dorell",phi,SF,79,1783,237,599,135,361,120,141,42,303,150,62,64,34,98,0,729,1,0,0,False,6.3924050632911396,4.094936708860759,11.341772151898734,0.39565943238731216,0.4146341463414634,False,East,9.049519275090113
463,"wroten,tony",mem,SG,35,271,33,86,4,16,21,29,13,28,43,8,29,4,34,0,91,0,0,0,False,1.8428571428571427,0.34285714285714286,2.242857142857143,0.38372093023255816,0.6829268292682927,True,West,7.868330521171653
464,"young,nick",phi,SG,59,1414,224,543,75,210,105,128,25,131,84,35,50,14,84,0,628,0,0,0,False,6.186440677966102,2.0635593220338984,8.885593220338983,0.4125230202578269,0.4146341463414634,False,East,9.049519275090113
465,"young,sam",ind,SF,56,691,58,148,16,52,23,43,25,122,42,15,33,8,62,0,155,1,0,0,False,1.6116071428571428,1.65625,3.4107142857142856,0.3918918918918919,0.6049382716049383,True,East,7.941965146521223
466,"young,thaddeus",phi,SF,76,2636,509,958,1,8,108,188,182,571,125,133,89,55,191,1,1127,1,0,0,False,11.368421052631579,6.7730263157894735,18.148026315789473,0.5313152400835073,0.4146341463414634,False,East,9.049519275090113
467,"zeller,luke",pho,PF,16,60,9,26,1,5,0,0,1,10,3,0,0,0,5,0,19,0,0,0,False,0.421875,0.40625,0.859375,0.34615384615384615,0.3048780487804878,False,West,8.591637200743854
468,"zeller,tyler",cle,C,77,2026,245,559,0,4,120,157,159,438,96,35,95,70,251,5,610,1,0,0,False,5.672077922077922,3.470779220779221,9.142857142857142,0.43828264758497315,0.2926829268292683,False,East,9.336726174747836
